-- MySQL dump 10.13  Distrib 8.0.19, for Win64 (x86_64)
--
-- Host: localhost    Database: zoo2
-- ------------------------------------------------------
-- Server version	5.7.29-0ubuntu0.18.04.1

/*!40101 SET @OLD_CHARACTER_SET_CLIENT=@@CHARACTER_SET_CLIENT */;
/*!40101 SET @OLD_CHARACTER_SET_RESULTS=@@CHARACTER_SET_RESULTS */;
/*!40101 SET @OLD_COLLATION_CONNECTION=@@COLLATION_CONNECTION */;
/*!50503 SET NAMES utf8 */;
/*!40103 SET @OLD_TIME_ZONE=@@TIME_ZONE */;
/*!40103 SET TIME_ZONE='+00:00' */;
/*!40014 SET @OLD_UNIQUE_CHECKS=@@UNIQUE_CHECKS, UNIQUE_CHECKS=0 */;
/*!40014 SET @OLD_FOREIGN_KEY_CHECKS=@@FOREIGN_KEY_CHECKS, FOREIGN_KEY_CHECKS=0 */;
/*!40101 SET @OLD_SQL_MODE=@@SQL_MODE, SQL_MODE='NO_AUTO_VALUE_ON_ZERO' */;
/*!40111 SET @OLD_SQL_NOTES=@@SQL_NOTES, SQL_NOTES=0 */;

--
-- Table structure for table `Animal`
--

DROP TABLE IF EXISTS `Animal`;
/*!40101 SET @saved_cs_client     = @@character_set_client */;
/*!50503 SET character_set_client = utf8mb4 */;
CREATE TABLE `Animal` (
  `id` int(11) NOT NULL AUTO_INCREMENT,
  `speciesID` int(11) DEFAULT NULL,
  `enclosureID` int(11) DEFAULT NULL,
  `animalName` varchar(255) DEFAULT NULL,
  PRIMARY KEY (`id`),
  KEY `ixName` (`animalName`,`speciesID`)
) ENGINE=InnoDB AUTO_INCREMENT=31 DEFAULT CHARSET=latin1;
/*!40101 SET character_set_client = @saved_cs_client */;

--
-- Dumping data for table `Animal`
--

LOCK TABLES `Animal` WRITE;
/*!40000 ALTER TABLE `Animal` DISABLE KEYS */;
INSERT INTO `Animal` VALUES (6,1,1,'Rowland'),(10,1,1,'Bucky'),(12,2,2,'Incubu'),(15,2,2,'Umslopogas'),(19,5,3,'Lambert'),(20,5,3,'Darius'),(23,3,2,'Quartermain'),(24,4,1,'Nileptha'),(25,4,2,'Sorais'),(27,1,1,'Horton'),(28,5,3,'Leo');
/*!40000 ALTER TABLE `Animal` ENABLE KEYS */;
UNLOCK TABLES;

--
-- Table structure for table `AnimalsDoNotMix`
--

DROP TABLE IF EXISTS `AnimalsDoNotMix`;
/*!40101 SET @saved_cs_client     = @@character_set_client */;
/*!50503 SET character_set_client = utf8mb4 */;
CREATE TABLE `AnimalsDoNotMix` (
  `speciesID` int(11) NOT NULL,
  `speciesNMID` int(11) NOT NULL,
  PRIMARY KEY (`speciesID`,`speciesNMID`)
) ENGINE=InnoDB DEFAULT CHARSET=latin1;
/*!40101 SET character_set_client = @saved_cs_client */;

--
-- Dumping data for table `AnimalsDoNotMix`
--

LOCK TABLES `AnimalsDoNotMix` WRITE;
/*!40000 ALTER TABLE `AnimalsDoNotMix` DISABLE KEYS */;
INSERT INTO `AnimalsDoNotMix` VALUES (1,5),(2,5),(3,5),(4,5);
/*!40000 ALTER TABLE `AnimalsDoNotMix` ENABLE KEYS */;
UNLOCK TABLES;

--
-- Table structure for table `Enclosure`
--

DROP TABLE IF EXISTS `Enclosure`;
/*!40101 SET @saved_cs_client     = @@character_set_client */;
/*!50503 SET character_set_client = utf8mb4 */;
CREATE TABLE `Enclosure` (
  `enclosureID` int(11) NOT NULL AUTO_INCREMENT,
  `enclosureName` varchar(255) CHARACTER SET latin1 DEFAULT NULL,
  `population` int(11) DEFAULT NULL,
  `maxPopulation` int(11) DEFAULT '7',
  `acreage` float DEFAULT NULL,
  PRIMARY KEY (`enclosureID`)
) ENGINE=InnoDB AUTO_INCREMENT=4 DEFAULT CHARSET=utf8;
/*!40101 SET character_set_client = @saved_cs_client */;

--
-- Dumping data for table `Enclosure`
--

LOCK TABLES `Enclosure` WRITE;
/*!40000 ALTER TABLE `Enclosure` DISABLE KEYS */;
INSERT INTO `Enclosure` VALUES (1,'North Field',4,7,13.4),(2,'African Adventure',4,12,22.3),(3,'Apex Predators',3,4,8.773);
/*!40000 ALTER TABLE `Enclosure` ENABLE KEYS */;
UNLOCK TABLES;

--
-- Table structure for table `FeedingLog`
--

DROP TABLE IF EXISTS `FeedingLog`;
/*!40101 SET @saved_cs_client     = @@character_set_client */;
/*!50503 SET character_set_client = utf8mb4 */;
CREATE TABLE `FeedingLog` (
  `id` bigint(20) NOT NULL AUTO_INCREMENT,
  `animalID` int(11) DEFAULT NULL,
  `feedingTime` datetime DEFAULT NULL,
  `foodID` int(11) DEFAULT NULL,
  `foodQty` varchar(45) DEFAULT NULL,
  PRIMARY KEY (`id`)
) ENGINE=InnoDB AUTO_INCREMENT=1801 DEFAULT CHARSET=latin1;
/*!40101 SET character_set_client = @saved_cs_client */;

--
-- Dumping data for table `FeedingLog`
--

LOCK TABLES `FeedingLog` WRITE;
/*!40000 ALTER TABLE `FeedingLog` DISABLE KEYS */;
INSERT INTO `FeedingLog` VALUES (1,6,'2018-01-01 11:32:40',1,'13\r'),(2,10,'2018-01-02 11:32:40',1,'13\r'),(3,27,'2018-01-03 11:32:40',1,'13\r'),(4,6,'2018-01-04 11:32:40',2,'3\r'),(5,10,'2018-01-05 11:32:40',2,'3\r'),(6,27,'2018-01-06 11:32:40',2,'3\r'),(7,6,'2018-01-07 11:32:40',5,'3\r'),(8,10,'2018-01-08 11:32:40',5,'3\r'),(9,27,'2018-01-09 11:32:40',5,'3\r'),(10,6,'2018-01-10 11:32:40',1,'13\r'),(11,10,'2018-01-11 11:32:40',1,'13\r'),(12,27,'2018-01-12 11:32:40',1,'13\r'),(13,6,'2018-01-13 11:32:40',5,'3\r'),(14,10,'2018-01-14 11:32:40',5,'3\r'),(15,27,'2018-01-15 11:32:40',5,'3\r'),(16,6,'2018-01-16 11:32:40',1,'13\r'),(17,10,'2018-01-17 11:32:40',1,'13\r'),(18,27,'2018-01-18 11:32:40',1,'13\r'),(19,6,'2018-01-19 11:32:40',2,'3\r'),(20,10,'2018-01-20 11:32:40',2,'3\r'),(21,27,'2018-01-21 11:32:40',2,'3\r'),(22,6,'2018-01-22 11:32:40',5,'3\r'),(23,10,'2018-01-23 11:32:40',5,'3\r'),(24,27,'2018-01-24 11:32:40',5,'3\r'),(25,6,'2018-01-25 11:32:40',1,'13\r'),(26,10,'2018-01-26 11:32:40',1,'13\r'),(27,27,'2018-01-27 11:32:40',1,'13\r'),(28,6,'2018-01-28 11:32:40',5,'3\r'),(29,10,'2018-01-29 11:32:40',5,'3\r'),(30,27,'2018-01-30 11:32:40',5,'3\r'),(31,6,'2018-01-31 11:32:40',1,'13\r'),(32,10,'2018-02-01 11:32:40',1,'13\r'),(33,27,'2018-02-02 11:32:40',1,'13\r'),(34,6,'2018-02-03 11:32:40',2,'3\r'),(35,10,'2018-02-04 11:32:40',2,'3\r'),(36,27,'2018-02-05 11:32:40',2,'3\r'),(37,6,'2018-02-06 11:32:40',5,'3\r'),(38,10,'2018-02-07 11:32:40',5,'3\r'),(39,27,'2018-02-08 11:32:40',5,'3\r'),(40,6,'2018-02-09 11:32:40',1,'13\r'),(41,10,'2018-02-10 11:32:40',1,'13\r'),(42,27,'2018-02-11 11:32:40',1,'13\r'),(43,6,'2018-02-12 11:32:40',5,'3\r'),(44,10,'2018-02-13 11:32:40',5,'3\r'),(45,27,'2018-02-14 11:32:40',5,'3\r'),(46,6,'2018-02-15 11:32:40',1,'13\r'),(47,10,'2018-02-16 11:32:40',1,'13\r'),(48,27,'2018-02-17 11:32:40',1,'13\r'),(49,6,'2018-02-18 11:32:40',2,'3\r'),(50,10,'2018-02-19 11:32:40',2,'3\r'),(51,27,'2018-02-20 11:32:40',2,'3\r'),(52,6,'2018-02-21 11:32:40',5,'3\r'),(53,10,'2018-02-22 11:32:40',5,'3\r'),(54,27,'2018-02-23 11:32:40',5,'3\r'),(55,6,'2018-02-24 11:32:40',1,'13\r'),(56,10,'2018-02-25 11:32:40',1,'13\r'),(57,27,'2018-02-26 11:32:40',1,'13\r'),(58,6,'2018-02-27 11:32:40',5,'3\r'),(59,10,'2018-02-28 11:32:40',5,'3\r'),(60,27,'2018-03-01 11:32:40',5,'3\r'),(61,6,'2018-03-02 11:32:40',1,'13\r'),(62,10,'2018-03-03 11:32:40',1,'13\r'),(63,27,'2018-03-04 11:32:40',1,'13\r'),(64,6,'2018-03-05 11:32:40',2,'3\r'),(65,10,'2018-03-06 11:32:40',2,'3\r'),(66,27,'2018-03-07 11:32:40',2,'3\r'),(67,6,'2018-03-08 11:32:40',5,'3\r'),(68,10,'2018-03-09 11:32:40',5,'3\r'),(69,27,'2018-03-10 11:32:40',5,'3\r'),(70,6,'2018-03-11 11:32:40',1,'13\r'),(71,10,'2018-03-12 11:32:40',1,'13\r'),(72,27,'2018-03-13 11:32:40',1,'13\r'),(73,6,'2018-03-14 11:32:40',5,'3\r'),(74,10,'2018-03-15 11:32:40',5,'3\r'),(75,27,'2018-03-16 11:32:40',5,'3\r'),(76,6,'2018-03-17 11:32:40',1,'13\r'),(77,10,'2018-03-18 11:32:40',1,'13\r'),(78,27,'2018-03-19 11:32:40',1,'13\r'),(79,6,'2018-03-20 11:32:40',2,'3\r'),(80,10,'2018-03-21 11:32:40',2,'3\r'),(81,27,'2018-03-22 11:32:40',2,'3\r'),(82,6,'2018-03-23 11:32:40',5,'3\r'),(83,10,'2018-03-24 11:32:40',5,'3\r'),(84,27,'2018-03-25 11:32:40',5,'3\r'),(85,6,'2018-03-26 11:32:40',1,'13\r'),(86,10,'2018-03-27 11:32:40',1,'13\r'),(87,27,'2018-03-28 11:32:40',1,'13\r'),(88,6,'2018-03-29 11:32:40',5,'3\r'),(89,10,'2018-03-30 11:32:40',5,'3\r'),(90,27,'2018-03-31 11:32:40',5,'3\r'),(91,6,'2018-04-01 11:32:40',1,'13\r'),(92,10,'2018-04-02 11:32:40',1,'13\r'),(93,27,'2018-04-03 11:32:40',1,'13\r'),(94,6,'2018-04-04 11:32:40',2,'3\r'),(95,10,'2018-04-05 11:32:40',2,'3\r'),(96,27,'2018-04-06 11:32:40',2,'3\r'),(97,6,'2018-04-07 11:32:40',5,'3\r'),(98,10,'2018-04-08 11:32:40',5,'3\r'),(99,27,'2018-04-09 11:32:40',5,'3\r'),(100,6,'2018-04-10 11:32:40',1,'13\r'),(101,10,'2018-04-11 11:32:40',1,'13\r'),(102,27,'2018-04-12 11:32:40',1,'13\r'),(103,6,'2018-04-13 11:32:40',5,'3\r'),(104,10,'2018-04-14 11:32:40',5,'3\r'),(105,27,'2018-04-15 11:32:40',5,'3\r'),(106,6,'2018-04-16 11:32:40',1,'13\r'),(107,10,'2018-04-17 11:32:40',1,'13\r'),(108,27,'2018-04-18 11:32:40',1,'13\r'),(109,6,'2018-04-19 11:32:40',2,'3\r'),(110,10,'2018-04-20 11:32:40',2,'3\r'),(111,27,'2018-04-21 11:32:40',2,'3\r'),(112,6,'2018-04-22 11:32:40',5,'3\r'),(113,10,'2018-04-23 11:32:40',5,'3\r'),(114,27,'2018-04-24 11:32:40',5,'3\r'),(115,6,'2018-04-25 11:32:40',1,'13\r'),(116,10,'2018-04-26 11:32:40',1,'13\r'),(117,27,'2018-04-27 11:32:40',1,'13\r'),(118,6,'2018-04-28 11:32:40',5,'3\r'),(119,10,'2018-04-29 11:32:40',5,'3\r'),(120,27,'2018-04-30 11:32:40',5,'3\r'),(121,6,'2018-05-01 11:32:40',1,'13\r'),(122,10,'2018-05-02 11:32:40',1,'13\r'),(123,27,'2018-05-03 11:32:40',1,'13\r'),(124,6,'2018-05-04 11:32:40',2,'3\r'),(125,10,'2018-05-05 11:32:40',2,'3\r'),(126,27,'2018-05-06 11:32:40',2,'3\r'),(127,6,'2018-05-07 11:32:40',5,'3\r'),(128,10,'2018-05-08 11:32:40',5,'3\r'),(129,27,'2018-05-09 11:32:40',5,'3\r'),(130,6,'2018-05-10 11:32:40',1,'13\r'),(131,10,'2018-05-11 11:32:40',1,'13\r'),(132,27,'2018-05-12 11:32:40',1,'13\r'),(133,6,'2018-05-13 11:32:40',5,'3\r'),(134,10,'2018-05-14 11:32:40',5,'3\r'),(135,27,'2018-05-15 11:32:40',5,'3\r'),(136,6,'2018-05-16 11:32:40',1,'13\r'),(137,10,'2018-05-17 11:32:40',1,'13\r'),(138,27,'2018-05-18 11:32:40',1,'13\r'),(139,6,'2018-05-19 11:32:40',2,'3\r'),(140,10,'2018-05-20 11:32:40',2,'3\r'),(141,27,'2018-05-21 11:32:40',2,'3\r'),(142,6,'2018-05-22 11:32:40',5,'3\r'),(143,10,'2018-05-23 11:32:40',5,'3\r'),(144,27,'2018-05-24 11:32:40',5,'3\r'),(145,6,'2018-05-25 11:32:40',1,'13\r'),(146,10,'2018-05-26 11:32:40',1,'13\r'),(147,27,'2018-05-27 11:32:40',1,'13\r'),(148,6,'2018-05-28 11:32:40',5,'3\r'),(149,10,'2018-05-29 11:32:40',5,'3\r'),(150,27,'2018-05-30 11:32:40',5,'3\r'),(151,6,'2018-05-31 11:32:40',1,'13\r'),(152,10,'2018-06-01 11:32:40',1,'13\r'),(153,27,'2018-06-02 11:32:40',1,'13\r'),(154,6,'2018-06-03 11:32:40',2,'3\r'),(155,10,'2018-06-04 11:32:40',2,'3\r'),(156,27,'2018-06-05 11:32:40',2,'3\r'),(157,6,'2018-06-06 11:32:40',5,'3\r'),(158,10,'2018-06-07 11:32:40',5,'3\r'),(159,27,'2018-06-08 11:32:40',5,'3\r'),(160,6,'2018-06-09 11:32:40',1,'13\r'),(161,10,'2018-06-10 11:32:40',1,'13\r'),(162,27,'2018-06-11 11:32:40',1,'13\r'),(163,6,'2018-06-12 11:32:40',5,'3\r'),(164,10,'2018-06-13 11:32:40',5,'3\r'),(165,27,'2018-06-14 11:32:40',5,'3\r'),(166,6,'2018-06-15 11:32:40',1,'13\r'),(167,10,'2018-06-16 11:32:40',1,'13\r'),(168,27,'2018-06-17 11:32:40',1,'13\r'),(169,6,'2018-06-18 11:32:40',2,'3\r'),(170,10,'2018-06-19 11:32:40',2,'3\r'),(171,27,'2018-06-20 11:32:40',2,'3\r'),(172,6,'2018-06-21 11:32:40',5,'3\r'),(173,10,'2018-06-22 11:32:40',5,'3\r'),(174,27,'2018-06-23 11:32:40',5,'3\r'),(175,6,'2018-06-24 11:32:40',1,'13\r'),(176,10,'2018-06-25 11:32:40',1,'13\r'),(177,27,'2018-06-26 11:32:40',1,'13\r'),(178,6,'2018-06-27 11:32:40',5,'3\r'),(179,10,'2018-06-28 11:32:40',5,'3\r'),(180,27,'2018-06-29 11:32:40',5,'3\r'),(181,6,'2018-06-30 11:32:40',1,'13\r'),(182,10,'2018-07-01 11:32:40',1,'13\r'),(183,27,'2018-07-02 11:32:40',1,'13\r'),(184,6,'2018-07-03 11:32:40',2,'3\r'),(185,10,'2018-07-04 11:32:40',2,'3\r'),(186,27,'2018-07-05 11:32:40',2,'3\r'),(187,6,'2018-07-06 11:32:40',5,'3\r'),(188,10,'2018-07-07 11:32:40',5,'3\r'),(189,27,'2018-07-08 11:32:40',5,'3\r'),(190,6,'2018-07-09 11:32:40',1,'13\r'),(191,10,'2018-07-10 11:32:40',1,'13\r'),(192,27,'2018-07-11 11:32:40',1,'13\r'),(193,6,'2018-07-12 11:32:40',5,'3\r'),(194,10,'2018-07-13 11:32:40',5,'3\r'),(195,27,'2018-07-14 11:32:40',5,'3\r'),(196,6,'2018-07-15 11:32:40',1,'13\r'),(197,10,'2018-07-16 11:32:40',1,'13\r'),(198,27,'2018-07-17 11:32:40',1,'13\r'),(199,6,'2018-07-18 11:32:40',2,'3\r'),(200,10,'2018-07-19 11:32:40',2,'3\r'),(201,27,'2018-07-20 11:32:40',2,'3\r'),(202,6,'2018-07-21 11:32:40',5,'3\r'),(203,10,'2018-07-22 11:32:40',5,'3\r'),(204,27,'2018-07-23 11:32:40',5,'3\r'),(205,6,'2018-07-24 11:32:40',1,'13\r'),(206,10,'2018-07-25 11:32:40',1,'13\r'),(207,27,'2018-07-26 11:32:40',1,'13\r'),(208,6,'2018-07-27 11:32:40',5,'3\r'),(209,10,'2018-07-28 11:32:40',5,'3\r'),(210,27,'2018-07-29 11:32:40',5,'3\r'),(211,6,'2018-07-30 11:32:40',1,'13\r'),(212,10,'2018-07-31 11:32:40',1,'13\r'),(213,27,'2018-08-01 11:32:40',1,'13\r'),(214,6,'2018-08-02 11:32:40',2,'3\r'),(215,10,'2018-08-03 11:32:40',2,'3\r'),(216,27,'2018-08-04 11:32:40',2,'3\r'),(217,6,'2018-08-05 11:32:40',5,'3\r'),(218,10,'2018-08-06 11:32:40',5,'3\r'),(219,27,'2018-08-07 11:32:40',5,'3\r'),(220,6,'2018-08-08 11:32:40',1,'13\r'),(221,10,'2018-08-09 11:32:40',1,'13\r'),(222,27,'2018-08-10 11:32:40',1,'13\r'),(223,6,'2018-08-11 11:32:40',5,'3\r'),(224,10,'2018-08-12 11:32:40',5,'3\r'),(225,27,'2018-08-13 11:32:40',5,'3\r'),(226,6,'2018-08-14 11:32:40',1,'13\r'),(227,10,'2018-08-15 11:32:40',1,'13\r'),(228,27,'2018-08-16 11:32:40',1,'13\r'),(229,6,'2018-08-17 11:32:40',2,'3\r'),(230,10,'2018-08-18 11:32:40',2,'3\r'),(231,27,'2018-08-19 11:32:40',2,'3\r'),(232,6,'2018-08-20 11:32:40',5,'3\r'),(233,10,'2018-08-21 11:32:40',5,'3\r'),(234,27,'2018-08-22 11:32:40',5,'3\r'),(235,6,'2018-08-23 11:32:40',1,'13\r'),(236,10,'2018-08-24 11:32:40',1,'13\r'),(237,27,'2018-08-25 11:32:40',1,'13\r'),(238,6,'2018-08-26 11:32:40',5,'3\r'),(239,10,'2018-08-27 11:32:40',5,'3\r'),(240,27,'2018-08-28 11:32:40',5,'3\r'),(241,6,'2018-08-29 11:32:40',1,'13\r'),(242,10,'2018-08-30 11:32:40',1,'13\r'),(243,27,'2018-08-31 11:32:40',1,'13\r'),(244,6,'2018-09-01 11:32:40',2,'3\r'),(245,10,'2018-09-02 11:32:40',2,'3\r'),(246,27,'2018-09-03 11:32:40',2,'3\r'),(247,6,'2018-09-04 11:32:40',5,'3\r'),(248,10,'2018-09-05 11:32:40',5,'3\r'),(249,27,'2018-09-06 11:32:40',5,'3\r'),(250,6,'2018-09-07 11:32:40',1,'13\r'),(251,10,'2018-09-08 11:32:40',1,'13\r'),(252,27,'2018-09-09 11:32:40',1,'13\r'),(253,6,'2018-09-10 11:32:40',5,'3\r'),(254,10,'2018-09-11 11:32:40',5,'3\r'),(255,27,'2018-09-12 11:32:40',5,'3\r'),(256,6,'2018-09-13 11:32:40',1,'13\r'),(257,10,'2018-09-14 11:32:40',1,'13\r'),(258,27,'2018-09-15 11:32:40',1,'13\r'),(259,6,'2018-09-16 11:32:40',2,'3\r'),(260,10,'2018-09-17 11:32:40',2,'3\r'),(261,27,'2018-09-18 11:32:40',2,'3\r'),(262,6,'2018-09-19 11:32:40',5,'3\r'),(263,10,'2018-09-20 11:32:40',5,'3\r'),(264,27,'2018-09-21 11:32:40',5,'3\r'),(265,6,'2018-09-22 11:32:40',1,'13\r'),(266,10,'2018-09-23 11:32:40',1,'13\r'),(267,27,'2018-09-24 11:32:40',1,'13\r'),(268,6,'2018-09-25 11:32:40',5,'3\r'),(269,10,'2018-09-26 11:32:40',5,'3\r'),(270,27,'2018-09-27 11:32:40',5,'3\r'),(271,6,'2018-09-28 11:32:40',1,'13\r'),(272,10,'2018-09-29 11:32:40',1,'13\r'),(273,27,'2018-09-30 11:32:40',1,'13\r'),(274,6,'2018-10-01 11:32:40',2,'3\r'),(275,10,'2018-10-02 11:32:40',2,'3\r'),(276,27,'2018-10-03 11:32:40',2,'3\r'),(277,6,'2018-10-04 11:32:40',5,'3\r'),(278,10,'2018-10-05 11:32:40',5,'3\r'),(279,27,'2018-10-06 11:32:40',5,'3\r'),(280,6,'2018-10-07 11:32:40',1,'13\r'),(281,10,'2018-10-08 11:32:40',1,'13\r'),(282,27,'2018-10-09 11:32:40',1,'13\r'),(283,6,'2018-10-10 11:32:40',5,'3\r'),(284,10,'2018-10-11 11:32:40',5,'3\r'),(285,27,'2018-10-12 11:32:40',5,'3\r'),(286,6,'2018-10-13 11:32:40',1,'13\r'),(287,10,'2018-10-14 11:32:40',1,'13\r'),(288,27,'2018-10-15 11:32:40',1,'13\r'),(289,6,'2018-10-16 11:32:40',2,'3\r'),(290,10,'2018-10-17 11:32:40',2,'3\r'),(291,27,'2018-10-18 11:32:40',2,'3\r'),(292,6,'2018-10-19 11:32:40',5,'3\r'),(293,10,'2018-10-20 11:32:40',5,'3\r'),(294,27,'2018-10-21 11:32:40',5,'3\r'),(295,6,'2018-10-22 11:32:40',1,'13\r'),(296,10,'2018-10-23 11:32:40',1,'13\r'),(297,27,'2018-10-24 11:32:40',1,'13\r'),(298,6,'2018-10-25 11:32:40',5,'3\r'),(299,10,'2018-10-26 11:32:40',5,'3\r'),(300,27,'2018-10-27 11:32:40',5,'3\r'),(301,6,'2018-10-28 11:32:40',1,'13\r'),(302,10,'2018-10-29 11:32:40',1,'13\r'),(303,27,'2018-10-30 11:32:40',1,'13\r'),(304,6,'2018-10-31 11:32:40',2,'3\r'),(305,10,'2018-11-01 11:32:40',2,'3\r'),(306,27,'2018-11-02 11:32:40',2,'3\r'),(307,6,'2018-11-03 11:32:40',5,'3\r'),(308,10,'2018-11-04 11:32:40',5,'3\r'),(309,27,'2018-11-05 11:32:40',5,'3\r'),(310,6,'2018-11-06 11:32:40',1,'13\r'),(311,10,'2018-11-07 11:32:40',1,'13\r'),(312,27,'2018-11-08 11:32:40',1,'13\r'),(313,6,'2018-11-09 11:32:40',5,'3\r'),(314,10,'2018-11-10 11:32:40',5,'3\r'),(315,27,'2018-11-11 11:32:40',5,'3\r'),(316,6,'2018-11-12 11:32:40',1,'13\r'),(317,10,'2018-11-13 11:32:40',1,'13\r'),(318,27,'2018-11-14 11:32:40',1,'13\r'),(319,6,'2018-11-15 11:32:40',2,'3\r'),(320,10,'2018-11-16 11:32:40',2,'3\r'),(321,27,'2018-11-17 11:32:40',2,'3\r'),(322,6,'2018-11-18 11:32:40',5,'3\r'),(323,10,'2018-11-19 11:32:40',5,'3\r'),(324,27,'2018-11-20 11:32:40',5,'3\r'),(325,6,'2018-11-21 11:32:40',1,'13\r'),(326,10,'2018-11-22 11:32:40',1,'13\r'),(327,27,'2018-11-23 11:32:40',1,'13\r'),(328,6,'2018-11-24 11:32:40',5,'3\r'),(329,10,'2018-11-25 11:32:40',5,'3\r'),(330,27,'2018-11-26 11:32:40',5,'3\r'),(331,6,'2018-11-27 11:32:40',1,'13\r'),(332,10,'2018-11-28 11:32:40',1,'13\r'),(333,27,'2018-11-29 11:32:40',1,'13\r'),(334,6,'2018-11-30 11:32:40',2,'3\r'),(335,10,'2018-12-01 11:32:40',2,'3\r'),(336,27,'2018-12-02 11:32:40',2,'3\r'),(337,6,'2018-12-03 11:32:40',5,'3\r'),(338,10,'2018-12-04 11:32:40',5,'3\r'),(339,27,'2018-12-05 11:32:40',5,'3\r'),(340,6,'2018-12-06 11:32:40',1,'13\r'),(341,10,'2018-12-07 11:32:40',1,'13\r'),(342,27,'2018-12-08 11:32:40',1,'13\r'),(343,6,'2018-12-09 11:32:40',5,'3\r'),(344,10,'2018-12-10 11:32:40',5,'3\r'),(345,27,'2018-12-11 11:32:40',5,'3\r'),(346,6,'2018-12-12 11:32:40',1,'13\r'),(347,10,'2018-12-13 11:32:40',1,'13\r'),(348,27,'2018-12-14 11:32:40',1,'13\r'),(349,6,'2018-12-15 11:32:40',2,'3\r'),(350,10,'2018-12-16 11:32:40',2,'3\r'),(351,27,'2018-12-17 11:32:40',2,'3\r'),(352,6,'2018-12-18 11:32:40',5,'3\r'),(353,10,'2018-12-19 11:32:40',5,'3\r'),(354,27,'2018-12-20 11:32:40',5,'3\r'),(355,6,'2018-12-21 11:32:40',1,'13\r'),(356,10,'2018-12-22 11:32:40',1,'13\r'),(357,27,'2018-12-23 11:32:40',1,'13\r'),(358,6,'2018-12-24 11:32:40',5,'3\r'),(359,10,'2018-12-25 11:32:40',5,'3\r'),(360,27,'2018-12-26 11:32:40',5,'3\r'),(361,6,'2018-12-27 11:32:40',1,'13\r'),(362,10,'2018-12-28 11:32:40',1,'13\r'),(363,27,'2018-12-29 11:32:40',1,'13\r'),(364,6,'2018-12-30 11:32:40',2,'3\r'),(365,10,'2018-12-31 11:32:40',2,'3\r'),(366,27,'2019-01-01 11:32:40',2,'3\r'),(367,6,'2019-01-02 11:32:40',5,'3\r'),(368,10,'2019-01-03 11:32:40',5,'3\r'),(369,27,'2019-01-04 11:32:40',5,'3\r'),(370,6,'2019-01-05 11:32:40',1,'13\r'),(371,10,'2019-01-06 11:32:40',1,'13\r'),(372,27,'2019-01-07 11:32:40',1,'13\r'),(373,6,'2019-01-08 11:32:40',5,'3\r'),(374,10,'2019-01-09 11:32:40',5,'3\r'),(375,27,'2019-01-10 11:32:40',5,'3\r'),(376,6,'2019-01-11 11:32:40',1,'13\r'),(377,10,'2019-01-12 11:32:40',1,'13\r'),(378,27,'2019-01-13 11:32:40',1,'13\r'),(379,6,'2019-01-14 11:32:40',2,'3\r'),(380,10,'2019-01-15 11:32:40',2,'3\r'),(381,27,'2019-01-16 11:32:40',2,'3\r'),(382,6,'2019-01-17 11:32:40',5,'3\r'),(383,10,'2019-01-18 11:32:40',5,'3\r'),(384,27,'2019-01-19 11:32:40',5,'3\r'),(385,6,'2019-01-20 11:32:40',1,'13\r'),(386,10,'2019-01-21 11:32:40',1,'13\r'),(387,27,'2019-01-22 11:32:40',1,'13\r'),(388,6,'2019-01-23 11:32:40',5,'3\r'),(389,10,'2019-01-24 11:32:40',5,'3\r'),(390,27,'2019-01-25 11:32:40',5,'3\r'),(391,6,'2019-01-26 11:32:40',1,'13\r'),(392,10,'2019-01-27 11:32:40',1,'13\r'),(393,27,'2019-01-28 11:32:40',1,'13\r'),(394,6,'2019-01-29 11:32:40',2,'3\r'),(395,10,'2019-01-30 11:32:40',2,'3\r'),(396,27,'2019-01-31 11:32:40',2,'3\r'),(397,6,'2019-02-01 11:32:40',5,'3\r'),(398,10,'2019-02-02 11:32:40',5,'3\r'),(399,27,'2019-02-03 11:32:40',5,'3\r'),(400,6,'2019-02-04 11:32:40',1,'13\r'),(401,10,'2019-02-05 11:32:40',1,'13\r'),(402,27,'2019-02-06 11:32:40',1,'13\r'),(403,6,'2019-02-07 11:32:40',5,'3\r'),(404,10,'2019-02-08 11:32:40',5,'3\r'),(405,27,'2019-02-09 11:32:40',5,'3\r'),(406,6,'2019-02-10 11:32:40',1,'13\r'),(407,10,'2019-02-11 11:32:40',1,'13\r'),(408,27,'2019-02-12 11:32:40',1,'13\r'),(409,6,'2019-02-13 11:32:40',2,'3\r'),(410,10,'2019-02-14 11:32:40',2,'3\r'),(411,27,'2019-02-15 11:32:40',2,'3\r'),(412,6,'2019-02-16 11:32:40',5,'3\r'),(413,10,'2019-02-17 11:32:40',5,'3\r'),(414,27,'2019-02-18 11:32:40',5,'3\r'),(415,6,'2019-02-19 11:32:40',1,'13\r'),(416,10,'2019-02-20 11:32:40',1,'13\r'),(417,27,'2019-02-21 11:32:40',1,'13\r'),(418,6,'2019-02-22 11:32:40',5,'3\r'),(419,10,'2019-02-23 11:32:40',5,'3\r'),(420,27,'2019-02-24 11:32:40',5,'3\r'),(421,6,'2019-02-25 11:32:40',1,'13\r'),(422,10,'2019-02-26 11:32:40',1,'13\r'),(423,27,'2019-02-27 11:32:40',1,'13\r'),(424,6,'2019-02-28 11:32:40',2,'3\r'),(425,10,'2019-03-01 11:32:40',2,'3\r'),(426,27,'2019-03-02 11:32:40',2,'3\r'),(427,6,'2019-03-03 11:32:40',5,'3\r'),(428,10,'2019-03-04 11:32:40',5,'3\r'),(429,27,'2019-03-05 11:32:40',5,'3\r'),(430,6,'2019-03-06 11:32:40',1,'13\r'),(431,10,'2019-03-07 11:32:40',1,'13\r'),(432,27,'2019-03-08 11:32:40',1,'13\r'),(433,6,'2019-03-09 11:32:40',5,'3\r'),(434,10,'2019-03-10 11:32:40',5,'3\r'),(435,27,'2019-03-11 11:32:40',5,'3\r'),(436,6,'2019-03-12 11:32:40',1,'13\r'),(437,10,'2019-03-13 11:32:40',1,'13\r'),(438,27,'2019-03-14 11:32:40',1,'13\r'),(439,6,'2019-03-15 11:32:40',2,'3\r'),(440,10,'2019-03-16 11:32:40',2,'3\r'),(441,27,'2019-03-17 11:32:40',2,'3\r'),(442,6,'2019-03-18 11:32:40',5,'3\r'),(443,10,'2019-03-19 11:32:40',5,'3\r'),(444,27,'2019-03-20 11:32:40',5,'3\r'),(445,6,'2019-03-21 11:32:40',1,'13\r'),(446,10,'2019-03-22 11:32:40',1,'13\r'),(447,27,'2019-03-23 11:32:40',1,'13\r'),(448,6,'2019-03-24 11:32:40',5,'3\r'),(449,10,'2019-03-25 11:32:40',5,'3\r'),(450,27,'2019-03-26 11:32:40',5,'3\r'),(451,6,'2019-03-27 11:32:40',1,'13\r'),(452,10,'2019-03-28 11:32:40',1,'13\r'),(453,27,'2019-03-29 11:32:40',1,'13\r'),(454,6,'2019-03-30 11:32:40',2,'3\r'),(455,10,'2019-03-31 11:32:40',2,'3\r'),(456,27,'2019-04-01 11:32:40',2,'3\r'),(457,6,'2019-04-02 11:32:40',5,'3\r'),(458,10,'2019-04-03 11:32:40',5,'3\r'),(459,27,'2019-04-04 11:32:40',5,'3\r'),(460,6,'2019-04-05 11:32:40',1,'13\r'),(461,10,'2019-04-06 11:32:40',1,'13\r'),(462,27,'2019-04-07 11:32:40',1,'13\r'),(463,6,'2019-04-08 11:32:40',5,'3\r'),(464,10,'2019-04-09 11:32:40',5,'3\r'),(465,27,'2019-04-10 11:32:40',5,'3\r'),(466,6,'2019-04-11 11:32:40',1,'13\r'),(467,10,'2019-04-12 11:32:40',1,'13\r'),(468,27,'2019-04-13 11:32:40',1,'13\r'),(469,6,'2019-04-14 11:32:40',2,'3\r'),(470,10,'2019-04-15 11:32:40',2,'3\r'),(471,27,'2019-04-16 11:32:40',2,'3\r'),(472,6,'2019-04-17 11:32:40',5,'3\r'),(473,10,'2019-04-18 11:32:40',5,'3\r'),(474,27,'2019-04-19 11:32:40',5,'3\r'),(475,6,'2019-04-20 11:32:40',1,'13\r'),(476,10,'2019-04-21 11:32:40',1,'13\r'),(477,27,'2019-04-22 11:32:40',1,'13\r'),(478,6,'2019-04-23 11:32:40',5,'3\r'),(479,10,'2019-04-24 11:32:40',5,'3\r'),(480,27,'2019-04-25 11:32:40',5,'3\r'),(481,6,'2019-04-26 11:32:40',1,'13\r'),(482,10,'2019-04-27 11:32:40',1,'13\r'),(483,27,'2019-04-28 11:32:40',1,'13\r'),(484,6,'2019-04-29 11:32:40',2,'3\r'),(485,10,'2019-04-30 11:32:40',2,'3\r'),(486,27,'2019-05-01 11:32:40',2,'3\r'),(487,6,'2019-05-02 11:32:40',5,'3\r'),(488,10,'2019-05-03 11:32:40',5,'3\r'),(489,27,'2019-05-04 11:32:40',5,'3\r'),(490,6,'2019-05-05 11:32:40',1,'13\r'),(491,10,'2019-05-06 11:32:40',1,'13\r'),(492,27,'2019-05-07 11:32:40',1,'13\r'),(493,6,'2019-05-08 11:32:40',5,'3\r'),(494,10,'2019-05-09 11:32:40',5,'3\r'),(495,27,'2019-05-10 11:32:40',5,'3\r'),(496,6,'2019-05-11 11:32:40',1,'13\r'),(497,10,'2019-05-12 11:32:40',1,'13\r'),(498,27,'2019-05-13 11:32:40',1,'13\r'),(499,6,'2019-05-14 11:32:40',2,'3\r'),(500,10,'2019-05-15 11:32:40',2,'3\r'),(501,27,'2019-05-16 11:32:40',2,'3\r'),(502,6,'2019-05-17 11:32:40',5,'3\r'),(503,10,'2019-05-18 11:32:40',5,'3\r'),(504,27,'2019-05-19 11:32:40',5,'3\r'),(505,6,'2019-05-20 11:32:40',1,'13\r'),(506,10,'2019-05-21 11:32:40',1,'13\r'),(507,27,'2019-05-22 11:32:40',1,'13\r'),(508,6,'2019-05-23 11:32:40',5,'3\r'),(509,10,'2019-05-24 11:32:40',5,'3\r'),(510,27,'2019-05-25 11:32:40',5,'3\r'),(511,6,'2019-05-26 11:32:40',1,'13\r'),(512,10,'2019-05-27 11:32:40',1,'13\r'),(513,27,'2019-05-28 11:32:40',1,'13\r'),(514,6,'2019-05-29 11:32:40',2,'3\r'),(515,10,'2019-05-30 11:32:40',2,'3\r'),(516,27,'2019-05-31 11:32:40',2,'3\r'),(517,6,'2019-06-01 11:32:40',5,'3\r'),(518,10,'2019-06-02 11:32:40',5,'3\r'),(519,27,'2019-06-03 11:32:40',5,'3\r'),(520,6,'2019-06-04 11:32:40',1,'13\r'),(521,10,'2019-06-05 11:32:40',1,'13\r'),(522,27,'2019-06-06 11:32:40',1,'13\r'),(523,6,'2019-06-07 11:32:40',5,'3\r'),(524,10,'2019-06-08 11:32:40',5,'3\r'),(525,27,'2019-06-09 11:32:40',5,'3\r'),(526,6,'2019-06-10 11:32:40',1,'13\r'),(527,10,'2019-06-11 11:32:40',1,'13\r'),(528,27,'2019-06-12 11:32:40',1,'13\r'),(529,6,'2019-06-13 11:32:40',2,'3\r'),(530,10,'2019-06-14 11:32:40',2,'3\r'),(531,27,'2019-06-15 11:32:40',2,'3\r'),(532,6,'2019-06-16 11:32:40',5,'3\r'),(533,10,'2019-06-17 11:32:40',5,'3\r'),(534,27,'2019-06-18 11:32:40',5,'3\r'),(535,6,'2019-06-19 11:32:40',1,'13\r'),(536,10,'2019-06-20 11:32:40',1,'13\r'),(537,27,'2019-06-21 11:32:40',1,'13\r'),(538,6,'2019-06-22 11:32:40',5,'3\r'),(539,10,'2019-06-23 11:32:40',5,'3\r'),(540,27,'2019-06-24 11:32:40',5,'3\r'),(541,6,'2019-06-25 11:32:40',1,'13\r'),(542,10,'2019-06-26 11:32:40',1,'13\r'),(543,27,'2019-06-27 11:32:40',1,'13\r'),(544,6,'2019-06-28 11:32:40',2,'3\r'),(545,10,'2019-06-29 11:32:40',2,'3\r'),(546,27,'2019-06-30 11:32:40',2,'3\r'),(547,6,'2019-07-01 11:32:40',5,'3\r'),(548,10,'2019-07-02 11:32:40',5,'3\r'),(549,27,'2019-07-03 11:32:40',5,'3\r'),(550,6,'2019-07-04 11:32:40',1,'13\r'),(551,10,'2019-07-05 11:32:40',1,'13\r'),(552,27,'2019-07-06 11:32:40',1,'13\r'),(553,6,'2019-07-07 11:32:40',5,'3\r'),(554,10,'2019-07-08 11:32:40',5,'3\r'),(555,27,'2019-07-09 11:32:40',5,'3\r'),(556,6,'2019-07-10 11:32:40',1,'13\r'),(557,10,'2019-07-11 11:32:40',1,'13\r'),(558,27,'2019-07-12 11:32:40',1,'13\r'),(559,6,'2019-07-13 11:32:40',2,'3\r'),(560,10,'2019-07-14 11:32:40',2,'3\r'),(561,27,'2019-07-15 11:32:40',2,'3\r'),(562,6,'2019-07-16 11:32:40',5,'3\r'),(563,10,'2019-07-17 11:32:40',5,'3\r'),(564,27,'2019-07-18 11:32:40',5,'3\r'),(565,6,'2019-07-19 11:32:40',1,'13\r'),(566,10,'2019-07-20 11:32:40',1,'13\r'),(567,27,'2019-07-21 11:32:40',1,'13\r'),(568,6,'2019-07-22 11:32:40',5,'3\r'),(569,10,'2019-07-23 11:32:40',5,'3\r'),(570,27,'2019-07-24 11:32:40',5,'3\r'),(571,6,'2019-07-25 11:32:40',1,'13\r'),(572,10,'2019-07-26 11:32:40',1,'13\r'),(573,27,'2019-07-27 11:32:40',1,'13\r'),(574,6,'2019-07-28 11:32:40',2,'3\r'),(575,10,'2019-07-29 11:32:40',2,'3\r'),(576,27,'2019-07-30 11:32:40',2,'3\r'),(577,6,'2019-07-31 11:32:40',5,'3\r'),(578,10,'2019-08-01 11:32:40',5,'3\r'),(579,27,'2019-08-02 11:32:40',5,'3\r'),(580,6,'2019-08-03 11:32:40',1,'13\r'),(581,10,'2019-08-04 11:32:40',1,'13\r'),(582,27,'2019-08-05 11:32:40',1,'13\r'),(583,6,'2019-08-06 11:32:40',5,'3\r'),(584,10,'2019-08-07 11:32:40',5,'3\r'),(585,27,'2019-08-08 11:32:40',5,'3\r'),(586,6,'2019-08-09 11:32:40',1,'13\r'),(587,10,'2019-08-10 11:32:40',1,'13\r'),(588,27,'2019-08-11 11:32:40',1,'13\r'),(589,6,'2019-08-12 11:32:40',2,'3\r'),(590,10,'2019-08-13 11:32:40',2,'3\r'),(591,27,'2019-08-14 11:32:40',2,'3\r'),(592,6,'2019-08-15 11:32:40',5,'3\r'),(593,10,'2019-08-16 11:32:40',5,'3\r'),(594,27,'2019-08-17 11:32:40',5,'3\r'),(595,6,'2019-08-18 11:32:40',1,'13\r'),(596,10,'2019-08-19 11:32:40',1,'13\r'),(597,27,'2019-08-20 11:32:40',1,'13\r'),(598,6,'2019-08-21 11:32:40',5,'3\r'),(599,10,'2019-08-22 11:32:40',5,'3\r'),(600,27,'2019-08-23 11:32:40',5,'3\r'),(601,12,'2018-01-01 11:32:40',1,'13\r'),(602,15,'2018-01-02 11:32:40',1,'13\r'),(603,25,'2018-01-03 11:32:40',1,'13\r'),(604,12,'2018-01-04 11:32:40',2,'3\r'),(605,15,'2018-01-05 11:32:40',2,'3\r'),(606,25,'2018-01-06 11:32:40',2,'3\r'),(607,12,'2018-01-07 11:32:40',5,'3\r'),(608,15,'2018-01-08 11:32:40',5,'3\r'),(609,25,'2018-01-09 11:32:40',5,'3\r'),(610,12,'2018-01-10 11:32:40',1,'13\r'),(611,15,'2018-01-11 11:32:40',1,'13\r'),(612,25,'2018-01-12 11:32:40',1,'13\r'),(613,12,'2018-01-13 11:32:40',5,'3\r'),(614,15,'2018-01-14 11:32:40',5,'3\r'),(615,25,'2018-01-15 11:32:40',5,'3\r'),(616,12,'2018-01-16 11:32:40',1,'13\r'),(617,15,'2018-01-17 11:32:40',1,'13\r'),(618,25,'2018-01-18 11:32:40',1,'13\r'),(619,12,'2018-01-19 11:32:40',2,'3\r'),(620,15,'2018-01-20 11:32:40',2,'3\r'),(621,25,'2018-01-21 11:32:40',2,'3\r'),(622,12,'2018-01-22 11:32:40',5,'3\r'),(623,15,'2018-01-23 11:32:40',5,'3\r'),(624,25,'2018-01-24 11:32:40',5,'3\r'),(625,12,'2018-01-25 11:32:40',1,'13\r'),(626,15,'2018-01-26 11:32:40',1,'13\r'),(627,25,'2018-01-27 11:32:40',1,'13\r'),(628,12,'2018-01-28 11:32:40',5,'3\r'),(629,15,'2018-01-29 11:32:40',5,'3\r'),(630,25,'2018-01-30 11:32:40',5,'3\r'),(631,12,'2018-01-31 11:32:40',1,'13\r'),(632,15,'2018-02-01 11:32:40',1,'13\r'),(633,25,'2018-02-02 11:32:40',1,'13\r'),(634,12,'2018-02-03 11:32:40',2,'3\r'),(635,15,'2018-02-04 11:32:40',2,'3\r'),(636,25,'2018-02-05 11:32:40',2,'3\r'),(637,12,'2018-02-06 11:32:40',5,'3\r'),(638,15,'2018-02-07 11:32:40',5,'3\r'),(639,25,'2018-02-08 11:32:40',5,'3\r'),(640,12,'2018-02-09 11:32:40',1,'13\r'),(641,15,'2018-02-10 11:32:40',1,'13\r'),(642,25,'2018-02-11 11:32:40',1,'13\r'),(643,12,'2018-02-12 11:32:40',5,'3\r'),(644,15,'2018-02-13 11:32:40',5,'3\r'),(645,25,'2018-02-14 11:32:40',5,'3\r'),(646,12,'2018-02-15 11:32:40',1,'13\r'),(647,15,'2018-02-16 11:32:40',1,'13\r'),(648,25,'2018-02-17 11:32:40',1,'13\r'),(649,12,'2018-02-18 11:32:40',2,'3\r'),(650,15,'2018-02-19 11:32:40',2,'3\r'),(651,25,'2018-02-20 11:32:40',2,'3\r'),(652,12,'2018-02-21 11:32:40',5,'3\r'),(653,15,'2018-02-22 11:32:40',5,'3\r'),(654,25,'2018-02-23 11:32:40',5,'3\r'),(655,12,'2018-02-24 11:32:40',1,'13\r'),(656,15,'2018-02-25 11:32:40',1,'13\r'),(657,25,'2018-02-26 11:32:40',1,'13\r'),(658,12,'2018-02-27 11:32:40',5,'3\r'),(659,15,'2018-02-28 11:32:40',5,'3\r'),(660,25,'2018-03-01 11:32:40',5,'3\r'),(661,12,'2018-03-02 11:32:40',1,'13\r'),(662,15,'2018-03-03 11:32:40',1,'13\r'),(663,25,'2018-03-04 11:32:40',1,'13\r'),(664,12,'2018-03-05 11:32:40',2,'3\r'),(665,15,'2018-03-06 11:32:40',2,'3\r'),(666,25,'2018-03-07 11:32:40',2,'3\r'),(667,12,'2018-03-08 11:32:40',5,'3\r'),(668,15,'2018-03-09 11:32:40',5,'3\r'),(669,25,'2018-03-10 11:32:40',5,'3\r'),(670,12,'2018-03-11 11:32:40',1,'13\r'),(671,15,'2018-03-12 11:32:40',1,'13\r'),(672,25,'2018-03-13 11:32:40',1,'13\r'),(673,12,'2018-03-14 11:32:40',5,'3\r'),(674,15,'2018-03-15 11:32:40',5,'3\r'),(675,25,'2018-03-16 11:32:40',5,'3\r'),(676,12,'2018-03-17 11:32:40',1,'13\r'),(677,15,'2018-03-18 11:32:40',1,'13\r'),(678,25,'2018-03-19 11:32:40',1,'13\r'),(679,12,'2018-03-20 11:32:40',2,'3\r'),(680,15,'2018-03-21 11:32:40',2,'3\r'),(681,25,'2018-03-22 11:32:40',2,'3\r'),(682,12,'2018-03-23 11:32:40',5,'3\r'),(683,15,'2018-03-24 11:32:40',5,'3\r'),(684,25,'2018-03-25 11:32:40',5,'3\r'),(685,12,'2018-03-26 11:32:40',1,'13\r'),(686,15,'2018-03-27 11:32:40',1,'13\r'),(687,25,'2018-03-28 11:32:40',1,'13\r'),(688,12,'2018-03-29 11:32:40',5,'3\r'),(689,15,'2018-03-30 11:32:40',5,'3\r'),(690,25,'2018-03-31 11:32:40',5,'3\r'),(691,12,'2018-04-01 11:32:40',1,'13\r'),(692,15,'2018-04-02 11:32:40',1,'13\r'),(693,25,'2018-04-03 11:32:40',1,'13\r'),(694,12,'2018-04-04 11:32:40',2,'3\r'),(695,15,'2018-04-05 11:32:40',2,'3\r'),(696,25,'2018-04-06 11:32:40',2,'3\r'),(697,12,'2018-04-07 11:32:40',5,'3\r'),(698,15,'2018-04-08 11:32:40',5,'3\r'),(699,25,'2018-04-09 11:32:40',5,'3\r'),(700,12,'2018-04-10 11:32:40',1,'13\r'),(701,15,'2018-04-11 11:32:40',1,'13\r'),(702,25,'2018-04-12 11:32:40',1,'13\r'),(703,12,'2018-04-13 11:32:40',5,'3\r'),(704,15,'2018-04-14 11:32:40',5,'3\r'),(705,25,'2018-04-15 11:32:40',5,'3\r'),(706,12,'2018-04-16 11:32:40',1,'13\r'),(707,15,'2018-04-17 11:32:40',1,'13\r'),(708,25,'2018-04-18 11:32:40',1,'13\r'),(709,12,'2018-04-19 11:32:40',2,'3\r'),(710,15,'2018-04-20 11:32:40',2,'3\r'),(711,25,'2018-04-21 11:32:40',2,'3\r'),(712,12,'2018-04-22 11:32:40',5,'3\r'),(713,15,'2018-04-23 11:32:40',5,'3\r'),(714,25,'2018-04-24 11:32:40',5,'3\r'),(715,12,'2018-04-25 11:32:40',1,'13\r'),(716,15,'2018-04-26 11:32:40',1,'13\r'),(717,25,'2018-04-27 11:32:40',1,'13\r'),(718,12,'2018-04-28 11:32:40',5,'3\r'),(719,15,'2018-04-29 11:32:40',5,'3\r'),(720,25,'2018-04-30 11:32:40',5,'3\r'),(721,12,'2018-05-01 11:32:40',1,'13\r'),(722,15,'2018-05-02 11:32:40',1,'13\r'),(723,25,'2018-05-03 11:32:40',1,'13\r'),(724,12,'2018-05-04 11:32:40',2,'3\r'),(725,15,'2018-05-05 11:32:40',2,'3\r'),(726,25,'2018-05-06 11:32:40',2,'3\r'),(727,12,'2018-05-07 11:32:40',5,'3\r'),(728,15,'2018-05-08 11:32:40',5,'3\r'),(729,25,'2018-05-09 11:32:40',5,'3\r'),(730,12,'2018-05-10 11:32:40',1,'13\r'),(731,15,'2018-05-11 11:32:40',1,'13\r'),(732,25,'2018-05-12 11:32:40',1,'13\r'),(733,12,'2018-05-13 11:32:40',5,'3\r'),(734,15,'2018-05-14 11:32:40',5,'3\r'),(735,25,'2018-05-15 11:32:40',5,'3\r'),(736,12,'2018-05-16 11:32:40',1,'13\r'),(737,15,'2018-05-17 11:32:40',1,'13\r'),(738,25,'2018-05-18 11:32:40',1,'13\r'),(739,12,'2018-05-19 11:32:40',2,'3\r'),(740,15,'2018-05-20 11:32:40',2,'3\r'),(741,25,'2018-05-21 11:32:40',2,'3\r'),(742,12,'2018-05-22 11:32:40',5,'3\r'),(743,15,'2018-05-23 11:32:40',5,'3\r'),(744,25,'2018-05-24 11:32:40',5,'3\r'),(745,12,'2018-05-25 11:32:40',1,'13\r'),(746,15,'2018-05-26 11:32:40',1,'13\r'),(747,25,'2018-05-27 11:32:40',1,'13\r'),(748,12,'2018-05-28 11:32:40',5,'3\r'),(749,15,'2018-05-29 11:32:40',5,'3\r'),(750,25,'2018-05-30 11:32:40',5,'3\r'),(751,12,'2018-05-31 11:32:40',1,'13\r'),(752,15,'2018-06-01 11:32:40',1,'13\r'),(753,25,'2018-06-02 11:32:40',1,'13\r'),(754,12,'2018-06-03 11:32:40',2,'3\r'),(755,15,'2018-06-04 11:32:40',2,'3\r'),(756,25,'2018-06-05 11:32:40',2,'3\r'),(757,12,'2018-06-06 11:32:40',5,'3\r'),(758,15,'2018-06-07 11:32:40',5,'3\r'),(759,25,'2018-06-08 11:32:40',5,'3\r'),(760,12,'2018-06-09 11:32:40',1,'13\r'),(761,15,'2018-06-10 11:32:40',1,'13\r'),(762,25,'2018-06-11 11:32:40',1,'13\r'),(763,12,'2018-06-12 11:32:40',5,'3\r'),(764,15,'2018-06-13 11:32:40',5,'3\r'),(765,25,'2018-06-14 11:32:40',5,'3\r'),(766,12,'2018-06-15 11:32:40',1,'13\r'),(767,15,'2018-06-16 11:32:40',1,'13\r'),(768,25,'2018-06-17 11:32:40',1,'13\r'),(769,12,'2018-06-18 11:32:40',2,'3\r'),(770,15,'2018-06-19 11:32:40',2,'3\r'),(771,25,'2018-06-20 11:32:40',2,'3\r'),(772,12,'2018-06-21 11:32:40',5,'3\r'),(773,15,'2018-06-22 11:32:40',5,'3\r'),(774,25,'2018-06-23 11:32:40',5,'3\r'),(775,12,'2018-06-24 11:32:40',1,'13\r'),(776,15,'2018-06-25 11:32:40',1,'13\r'),(777,25,'2018-06-26 11:32:40',1,'13\r'),(778,12,'2018-06-27 11:32:40',5,'3\r'),(779,15,'2018-06-28 11:32:40',5,'3\r'),(780,25,'2018-06-29 11:32:40',5,'3\r'),(781,12,'2018-06-30 11:32:40',1,'13\r'),(782,15,'2018-07-01 11:32:40',1,'13\r'),(783,25,'2018-07-02 11:32:40',1,'13\r'),(784,12,'2018-07-03 11:32:40',2,'3\r'),(785,15,'2018-07-04 11:32:40',2,'3\r'),(786,25,'2018-07-05 11:32:40',2,'3\r'),(787,12,'2018-07-06 11:32:40',5,'3\r'),(788,15,'2018-07-07 11:32:40',5,'3\r'),(789,25,'2018-07-08 11:32:40',5,'3\r'),(790,12,'2018-07-09 11:32:40',1,'13\r'),(791,15,'2018-07-10 11:32:40',1,'13\r'),(792,25,'2018-07-11 11:32:40',1,'13\r'),(793,12,'2018-07-12 11:32:40',5,'3\r'),(794,15,'2018-07-13 11:32:40',5,'3\r'),(795,25,'2018-07-14 11:32:40',5,'3\r'),(796,12,'2018-07-15 11:32:40',1,'13\r'),(797,15,'2018-07-16 11:32:40',1,'13\r'),(798,25,'2018-07-17 11:32:40',1,'13\r'),(799,12,'2018-07-18 11:32:40',2,'3\r'),(800,15,'2018-07-19 11:32:40',2,'3\r'),(801,25,'2018-07-20 11:32:40',2,'3\r'),(802,12,'2018-07-21 11:32:40',5,'3\r'),(803,15,'2018-07-22 11:32:40',5,'3\r'),(804,25,'2018-07-23 11:32:40',5,'3\r'),(805,12,'2018-07-24 11:32:40',1,'13\r'),(806,15,'2018-07-25 11:32:40',1,'13\r'),(807,25,'2018-07-26 11:32:40',1,'13\r'),(808,12,'2018-07-27 11:32:40',5,'3\r'),(809,15,'2018-07-28 11:32:40',5,'3\r'),(810,25,'2018-07-29 11:32:40',5,'3\r'),(811,12,'2018-07-30 11:32:40',1,'13\r'),(812,15,'2018-07-31 11:32:40',1,'13\r'),(813,25,'2018-08-01 11:32:40',1,'13\r'),(814,12,'2018-08-02 11:32:40',2,'3\r'),(815,15,'2018-08-03 11:32:40',2,'3\r'),(816,25,'2018-08-04 11:32:40',2,'3\r'),(817,12,'2018-08-05 11:32:40',5,'3\r'),(818,15,'2018-08-06 11:32:40',5,'3\r'),(819,25,'2018-08-07 11:32:40',5,'3\r'),(820,12,'2018-08-08 11:32:40',1,'13\r'),(821,15,'2018-08-09 11:32:40',1,'13\r'),(822,25,'2018-08-10 11:32:40',1,'13\r'),(823,12,'2018-08-11 11:32:40',5,'3\r'),(824,15,'2018-08-12 11:32:40',5,'3\r'),(825,25,'2018-08-13 11:32:40',5,'3\r'),(826,12,'2018-08-14 11:32:40',1,'13\r'),(827,15,'2018-08-15 11:32:40',1,'13\r'),(828,25,'2018-08-16 11:32:40',1,'13\r'),(829,12,'2018-08-17 11:32:40',2,'3\r'),(830,15,'2018-08-18 11:32:40',2,'3\r'),(831,25,'2018-08-19 11:32:40',2,'3\r'),(832,12,'2018-08-20 11:32:40',5,'3\r'),(833,15,'2018-08-21 11:32:40',5,'3\r'),(834,25,'2018-08-22 11:32:40',5,'3\r'),(835,12,'2018-08-23 11:32:40',1,'13\r'),(836,15,'2018-08-24 11:32:40',1,'13\r'),(837,25,'2018-08-25 11:32:40',1,'13\r'),(838,12,'2018-08-26 11:32:40',5,'3\r'),(839,15,'2018-08-27 11:32:40',5,'3\r'),(840,25,'2018-08-28 11:32:40',5,'3\r'),(841,12,'2018-08-29 11:32:40',1,'13\r'),(842,15,'2018-08-30 11:32:40',1,'13\r'),(843,25,'2018-08-31 11:32:40',1,'13\r'),(844,12,'2018-09-01 11:32:40',2,'3\r'),(845,15,'2018-09-02 11:32:40',2,'3\r'),(846,25,'2018-09-03 11:32:40',2,'3\r'),(847,12,'2018-09-04 11:32:40',5,'3\r'),(848,15,'2018-09-05 11:32:40',5,'3\r'),(849,25,'2018-09-06 11:32:40',5,'3\r'),(850,12,'2018-09-07 11:32:40',1,'13\r'),(851,15,'2018-09-08 11:32:40',1,'13\r'),(852,25,'2018-09-09 11:32:40',1,'13\r'),(853,12,'2018-09-10 11:32:40',5,'3\r'),(854,15,'2018-09-11 11:32:40',5,'3\r'),(855,25,'2018-09-12 11:32:40',5,'3\r'),(856,12,'2018-09-13 11:32:40',1,'13\r'),(857,15,'2018-09-14 11:32:40',1,'13\r'),(858,25,'2018-09-15 11:32:40',1,'13\r'),(859,12,'2018-09-16 11:32:40',2,'3\r'),(860,15,'2018-09-17 11:32:40',2,'3\r'),(861,25,'2018-09-18 11:32:40',2,'3\r'),(862,12,'2018-09-19 11:32:40',5,'3\r'),(863,15,'2018-09-20 11:32:40',5,'3\r'),(864,25,'2018-09-21 11:32:40',5,'3\r'),(865,12,'2018-09-22 11:32:40',1,'13\r'),(866,15,'2018-09-23 11:32:40',1,'13\r'),(867,25,'2018-09-24 11:32:40',1,'13\r'),(868,12,'2018-09-25 11:32:40',5,'3\r'),(869,15,'2018-09-26 11:32:40',5,'3\r'),(870,25,'2018-09-27 11:32:40',5,'3\r'),(871,12,'2018-09-28 11:32:40',1,'13\r'),(872,15,'2018-09-29 11:32:40',1,'13\r'),(873,25,'2018-09-30 11:32:40',1,'13\r'),(874,12,'2018-10-01 11:32:40',2,'3\r'),(875,15,'2018-10-02 11:32:40',2,'3\r'),(876,25,'2018-10-03 11:32:40',2,'3\r'),(877,12,'2018-10-04 11:32:40',5,'3\r'),(878,15,'2018-10-05 11:32:40',5,'3\r'),(879,25,'2018-10-06 11:32:40',5,'3\r'),(880,12,'2018-10-07 11:32:40',1,'13\r'),(881,15,'2018-10-08 11:32:40',1,'13\r'),(882,25,'2018-10-09 11:32:40',1,'13\r'),(883,12,'2018-10-10 11:32:40',5,'3\r'),(884,15,'2018-10-11 11:32:40',5,'3\r'),(885,25,'2018-10-12 11:32:40',5,'3\r'),(886,12,'2018-10-13 11:32:40',1,'13\r'),(887,15,'2018-10-14 11:32:40',1,'13\r'),(888,25,'2018-10-15 11:32:40',1,'13\r'),(889,12,'2018-10-16 11:32:40',2,'3\r'),(890,15,'2018-10-17 11:32:40',2,'3\r'),(891,25,'2018-10-18 11:32:40',2,'3\r'),(892,12,'2018-10-19 11:32:40',5,'3\r'),(893,15,'2018-10-20 11:32:40',5,'3\r'),(894,25,'2018-10-21 11:32:40',5,'3\r'),(895,12,'2018-10-22 11:32:40',1,'13\r'),(896,15,'2018-10-23 11:32:40',1,'13\r'),(897,25,'2018-10-24 11:32:40',1,'13\r'),(898,12,'2018-10-25 11:32:40',5,'3\r'),(899,15,'2018-10-26 11:32:40',5,'3\r'),(900,25,'2018-10-27 11:32:40',5,'3\r'),(901,12,'2018-10-28 11:32:40',1,'13\r'),(902,15,'2018-10-29 11:32:40',1,'13\r'),(903,25,'2018-10-30 11:32:40',1,'13\r'),(904,12,'2018-10-31 11:32:40',2,'3\r'),(905,15,'2018-11-01 11:32:40',2,'3\r'),(906,25,'2018-11-02 11:32:40',2,'3\r'),(907,12,'2018-11-03 11:32:40',5,'3\r'),(908,15,'2018-11-04 11:32:40',5,'3\r'),(909,25,'2018-11-05 11:32:40',5,'3\r'),(910,12,'2018-11-06 11:32:40',1,'13\r'),(911,15,'2018-11-07 11:32:40',1,'13\r'),(912,25,'2018-11-08 11:32:40',1,'13\r'),(913,12,'2018-11-09 11:32:40',5,'3\r'),(914,15,'2018-11-10 11:32:40',5,'3\r'),(915,25,'2018-11-11 11:32:40',5,'3\r'),(916,12,'2018-11-12 11:32:40',1,'13\r'),(917,15,'2018-11-13 11:32:40',1,'13\r'),(918,25,'2018-11-14 11:32:40',1,'13\r'),(919,12,'2018-11-15 11:32:40',2,'3\r'),(920,15,'2018-11-16 11:32:40',2,'3\r'),(921,25,'2018-11-17 11:32:40',2,'3\r'),(922,12,'2018-11-18 11:32:40',5,'3\r'),(923,15,'2018-11-19 11:32:40',5,'3\r'),(924,25,'2018-11-20 11:32:40',5,'3\r'),(925,12,'2018-11-21 11:32:40',1,'13\r'),(926,15,'2018-11-22 11:32:40',1,'13\r'),(927,25,'2018-11-23 11:32:40',1,'13\r'),(928,12,'2018-11-24 11:32:40',5,'3\r'),(929,15,'2018-11-25 11:32:40',5,'3\r'),(930,25,'2018-11-26 11:32:40',5,'3\r'),(931,12,'2018-11-27 11:32:40',1,'13\r'),(932,15,'2018-11-28 11:32:40',1,'13\r'),(933,25,'2018-11-29 11:32:40',1,'13\r'),(934,12,'2018-11-30 11:32:40',2,'3\r'),(935,15,'2018-12-01 11:32:40',2,'3\r'),(936,25,'2018-12-02 11:32:40',2,'3\r'),(937,12,'2018-12-03 11:32:40',5,'3\r'),(938,15,'2018-12-04 11:32:40',5,'3\r'),(939,25,'2018-12-05 11:32:40',5,'3\r'),(940,12,'2018-12-06 11:32:40',1,'13\r'),(941,15,'2018-12-07 11:32:40',1,'13\r'),(942,25,'2018-12-08 11:32:40',1,'13\r'),(943,12,'2018-12-09 11:32:40',5,'3\r'),(944,15,'2018-12-10 11:32:40',5,'3\r'),(945,25,'2018-12-11 11:32:40',5,'3\r'),(946,12,'2018-12-12 11:32:40',1,'13\r'),(947,15,'2018-12-13 11:32:40',1,'13\r'),(948,25,'2018-12-14 11:32:40',1,'13\r'),(949,12,'2018-12-15 11:32:40',2,'3\r'),(950,15,'2018-12-16 11:32:40',2,'3\r'),(951,25,'2018-12-17 11:32:40',2,'3\r'),(952,12,'2018-12-18 11:32:40',5,'3\r'),(953,15,'2018-12-19 11:32:40',5,'3\r'),(954,25,'2018-12-20 11:32:40',5,'3\r'),(955,12,'2018-12-21 11:32:40',1,'13\r'),(956,15,'2018-12-22 11:32:40',1,'13\r'),(957,25,'2018-12-23 11:32:40',1,'13\r'),(958,12,'2018-12-24 11:32:40',5,'3\r'),(959,15,'2018-12-25 11:32:40',5,'3\r'),(960,25,'2018-12-26 11:32:40',5,'3\r'),(961,12,'2018-12-27 11:32:40',1,'13\r'),(962,15,'2018-12-28 11:32:40',1,'13\r'),(963,25,'2018-12-29 11:32:40',1,'13\r'),(964,12,'2018-12-30 11:32:40',2,'3\r'),(965,15,'2018-12-31 11:32:40',2,'3\r'),(966,25,'2019-01-01 11:32:40',2,'3\r'),(967,12,'2019-01-02 11:32:40',5,'3\r'),(968,15,'2019-01-03 11:32:40',5,'3\r'),(969,25,'2019-01-04 11:32:40',5,'3\r'),(970,12,'2019-01-05 11:32:40',1,'13\r'),(971,15,'2019-01-06 11:32:40',1,'13\r'),(972,25,'2019-01-07 11:32:40',1,'13\r'),(973,12,'2019-01-08 11:32:40',5,'3\r'),(974,15,'2019-01-09 11:32:40',5,'3\r'),(975,25,'2019-01-10 11:32:40',5,'3\r'),(976,12,'2019-01-11 11:32:40',1,'13\r'),(977,15,'2019-01-12 11:32:40',1,'13\r'),(978,25,'2019-01-13 11:32:40',1,'13\r'),(979,12,'2019-01-14 11:32:40',2,'3\r'),(980,15,'2019-01-15 11:32:40',2,'3\r'),(981,25,'2019-01-16 11:32:40',2,'3\r'),(982,12,'2019-01-17 11:32:40',5,'3\r'),(983,15,'2019-01-18 11:32:40',5,'3\r'),(984,25,'2019-01-19 11:32:40',5,'3\r'),(985,12,'2019-01-20 11:32:40',1,'13\r'),(986,15,'2019-01-21 11:32:40',1,'13\r'),(987,25,'2019-01-22 11:32:40',1,'13\r'),(988,12,'2019-01-23 11:32:40',5,'3\r'),(989,15,'2019-01-24 11:32:40',5,'3\r'),(990,25,'2019-01-25 11:32:40',5,'3\r'),(991,12,'2019-01-26 11:32:40',1,'13\r'),(992,15,'2019-01-27 11:32:40',1,'13\r'),(993,25,'2019-01-28 11:32:40',1,'13\r'),(994,12,'2019-01-29 11:32:40',2,'3\r'),(995,15,'2019-01-30 11:32:40',2,'3\r'),(996,25,'2019-01-31 11:32:40',2,'3\r'),(997,12,'2019-02-01 11:32:40',5,'3\r'),(998,15,'2019-02-02 11:32:40',5,'3\r'),(999,25,'2019-02-03 11:32:40',5,'3\r'),(1000,12,'2019-02-04 11:32:40',1,'13\r'),(1001,15,'2019-02-05 11:32:40',1,'13\r'),(1002,25,'2019-02-06 11:32:40',1,'13\r'),(1003,12,'2019-02-07 11:32:40',5,'3\r'),(1004,15,'2019-02-08 11:32:40',5,'3\r'),(1005,25,'2019-02-09 11:32:40',5,'3\r'),(1006,12,'2019-02-10 11:32:40',1,'13\r'),(1007,15,'2019-02-11 11:32:40',1,'13\r'),(1008,25,'2019-02-12 11:32:40',1,'13\r'),(1009,12,'2019-02-13 11:32:40',2,'3\r'),(1010,15,'2019-02-14 11:32:40',2,'3\r'),(1011,25,'2019-02-15 11:32:40',2,'3\r'),(1012,12,'2019-02-16 11:32:40',5,'3\r'),(1013,15,'2019-02-17 11:32:40',5,'3\r'),(1014,25,'2019-02-18 11:32:40',5,'3\r'),(1015,12,'2019-02-19 11:32:40',1,'13\r'),(1016,15,'2019-02-20 11:32:40',1,'13\r'),(1017,25,'2019-02-21 11:32:40',1,'13\r'),(1018,12,'2019-02-22 11:32:40',5,'3\r'),(1019,15,'2019-02-23 11:32:40',5,'3\r'),(1020,25,'2019-02-24 11:32:40',5,'3\r'),(1021,12,'2019-02-25 11:32:40',1,'13\r'),(1022,15,'2019-02-26 11:32:40',1,'13\r'),(1023,25,'2019-02-27 11:32:40',1,'13\r'),(1024,12,'2019-02-28 11:32:40',2,'3\r'),(1025,15,'2019-03-01 11:32:40',2,'3\r'),(1026,25,'2019-03-02 11:32:40',2,'3\r'),(1027,12,'2019-03-03 11:32:40',5,'3\r'),(1028,15,'2019-03-04 11:32:40',5,'3\r'),(1029,25,'2019-03-05 11:32:40',5,'3\r'),(1030,12,'2019-03-06 11:32:40',1,'13\r'),(1031,15,'2019-03-07 11:32:40',1,'13\r'),(1032,25,'2019-03-08 11:32:40',1,'13\r'),(1033,12,'2019-03-09 11:32:40',5,'3\r'),(1034,15,'2019-03-10 11:32:40',5,'3\r'),(1035,25,'2019-03-11 11:32:40',5,'3\r'),(1036,12,'2019-03-12 11:32:40',1,'13\r'),(1037,15,'2019-03-13 11:32:40',1,'13\r'),(1038,25,'2019-03-14 11:32:40',1,'13\r'),(1039,12,'2019-03-15 11:32:40',2,'3\r'),(1040,15,'2019-03-16 11:32:40',2,'3\r'),(1041,25,'2019-03-17 11:32:40',2,'3\r'),(1042,12,'2019-03-18 11:32:40',5,'3\r'),(1043,15,'2019-03-19 11:32:40',5,'3\r'),(1044,25,'2019-03-20 11:32:40',5,'3\r'),(1045,12,'2019-03-21 11:32:40',1,'13\r'),(1046,15,'2019-03-22 11:32:40',1,'13\r'),(1047,25,'2019-03-23 11:32:40',1,'13\r'),(1048,12,'2019-03-24 11:32:40',5,'3\r'),(1049,15,'2019-03-25 11:32:40',5,'3\r'),(1050,25,'2019-03-26 11:32:40',5,'3\r'),(1051,12,'2019-03-27 11:32:40',1,'13\r'),(1052,15,'2019-03-28 11:32:40',1,'13\r'),(1053,25,'2019-03-29 11:32:40',1,'13\r'),(1054,12,'2019-03-30 11:32:40',2,'3\r'),(1055,15,'2019-03-31 11:32:40',2,'3\r'),(1056,25,'2019-04-01 11:32:40',2,'3\r'),(1057,12,'2019-04-02 11:32:40',5,'3\r'),(1058,15,'2019-04-03 11:32:40',5,'3\r'),(1059,25,'2019-04-04 11:32:40',5,'3\r'),(1060,12,'2019-04-05 11:32:40',1,'13\r'),(1061,15,'2019-04-06 11:32:40',1,'13\r'),(1062,25,'2019-04-07 11:32:40',1,'13\r'),(1063,12,'2019-04-08 11:32:40',5,'3\r'),(1064,15,'2019-04-09 11:32:40',5,'3\r'),(1065,25,'2019-04-10 11:32:40',5,'3\r'),(1066,12,'2019-04-11 11:32:40',1,'13\r'),(1067,15,'2019-04-12 11:32:40',1,'13\r'),(1068,25,'2019-04-13 11:32:40',1,'13\r'),(1069,12,'2019-04-14 11:32:40',2,'3\r'),(1070,15,'2019-04-15 11:32:40',2,'3\r'),(1071,25,'2019-04-16 11:32:40',2,'3\r'),(1072,12,'2019-04-17 11:32:40',5,'3\r'),(1073,15,'2019-04-18 11:32:40',5,'3\r'),(1074,25,'2019-04-19 11:32:40',5,'3\r'),(1075,12,'2019-04-20 11:32:40',1,'13\r'),(1076,15,'2019-04-21 11:32:40',1,'13\r'),(1077,25,'2019-04-22 11:32:40',1,'13\r'),(1078,12,'2019-04-23 11:32:40',5,'3\r'),(1079,15,'2019-04-24 11:32:40',5,'3\r'),(1080,25,'2019-04-25 11:32:40',5,'3\r'),(1081,12,'2019-04-26 11:32:40',1,'13\r'),(1082,15,'2019-04-27 11:32:40',1,'13\r'),(1083,25,'2019-04-28 11:32:40',1,'13\r'),(1084,12,'2019-04-29 11:32:40',2,'3\r'),(1085,15,'2019-04-30 11:32:40',2,'3\r'),(1086,25,'2019-05-01 11:32:40',2,'3\r'),(1087,12,'2019-05-02 11:32:40',5,'3\r'),(1088,15,'2019-05-03 11:32:40',5,'3\r'),(1089,25,'2019-05-04 11:32:40',5,'3\r'),(1090,12,'2019-05-05 11:32:40',1,'13\r'),(1091,15,'2019-05-06 11:32:40',1,'13\r'),(1092,25,'2019-05-07 11:32:40',1,'13\r'),(1093,12,'2019-05-08 11:32:40',5,'3\r'),(1094,15,'2019-05-09 11:32:40',5,'3\r'),(1095,25,'2019-05-10 11:32:40',5,'3\r'),(1096,12,'2019-05-11 11:32:40',1,'13\r'),(1097,15,'2019-05-12 11:32:40',1,'13\r'),(1098,25,'2019-05-13 11:32:40',1,'13\r'),(1099,12,'2019-05-14 11:32:40',2,'3\r'),(1100,15,'2019-05-15 11:32:40',2,'3\r'),(1101,25,'2019-05-16 11:32:40',2,'3\r'),(1102,12,'2019-05-17 11:32:40',5,'3\r'),(1103,15,'2019-05-18 11:32:40',5,'3\r'),(1104,25,'2019-05-19 11:32:40',5,'3\r'),(1105,12,'2019-05-20 11:32:40',1,'13\r'),(1106,15,'2019-05-21 11:32:40',1,'13\r'),(1107,25,'2019-05-22 11:32:40',1,'13\r'),(1108,12,'2019-05-23 11:32:40',5,'3\r'),(1109,15,'2019-05-24 11:32:40',5,'3\r'),(1110,25,'2019-05-25 11:32:40',5,'3\r'),(1111,12,'2019-05-26 11:32:40',1,'13\r'),(1112,15,'2019-05-27 11:32:40',1,'13\r'),(1113,25,'2019-05-28 11:32:40',1,'13\r'),(1114,12,'2019-05-29 11:32:40',2,'3\r'),(1115,15,'2019-05-30 11:32:40',2,'3\r'),(1116,25,'2019-05-31 11:32:40',2,'3\r'),(1117,12,'2019-06-01 11:32:40',5,'3\r'),(1118,15,'2019-06-02 11:32:40',5,'3\r'),(1119,25,'2019-06-03 11:32:40',5,'3\r'),(1120,12,'2019-06-04 11:32:40',1,'13\r'),(1121,15,'2019-06-05 11:32:40',1,'13\r'),(1122,25,'2019-06-06 11:32:40',1,'13\r'),(1123,12,'2019-06-07 11:32:40',5,'3\r'),(1124,15,'2019-06-08 11:32:40',5,'3\r'),(1125,25,'2019-06-09 11:32:40',5,'3\r'),(1126,12,'2019-06-10 11:32:40',1,'13\r'),(1127,15,'2019-06-11 11:32:40',1,'13\r'),(1128,25,'2019-06-12 11:32:40',1,'13\r'),(1129,12,'2019-06-13 11:32:40',2,'3\r'),(1130,15,'2019-06-14 11:32:40',2,'3\r'),(1131,25,'2019-06-15 11:32:40',2,'3\r'),(1132,12,'2019-06-16 11:32:40',5,'3\r'),(1133,15,'2019-06-17 11:32:40',5,'3\r'),(1134,25,'2019-06-18 11:32:40',5,'3\r'),(1135,12,'2019-06-19 11:32:40',1,'13\r'),(1136,15,'2019-06-20 11:32:40',1,'13\r'),(1137,25,'2019-06-21 11:32:40',1,'13\r'),(1138,12,'2019-06-22 11:32:40',5,'3\r'),(1139,15,'2019-06-23 11:32:40',5,'3\r'),(1140,25,'2019-06-24 11:32:40',5,'3\r'),(1141,12,'2019-06-25 11:32:40',1,'13\r'),(1142,15,'2019-06-26 11:32:40',1,'13\r'),(1143,25,'2019-06-27 11:32:40',1,'13\r'),(1144,12,'2019-06-28 11:32:40',2,'3\r'),(1145,15,'2019-06-29 11:32:40',2,'3\r'),(1146,25,'2019-06-30 11:32:40',2,'3\r'),(1147,12,'2019-07-01 11:32:40',5,'3\r'),(1148,15,'2019-07-02 11:32:40',5,'3\r'),(1149,25,'2019-07-03 11:32:40',5,'3\r'),(1150,12,'2019-07-04 11:32:40',1,'13\r'),(1151,15,'2019-07-05 11:32:40',1,'13\r'),(1152,25,'2019-07-06 11:32:40',1,'13\r'),(1153,12,'2019-07-07 11:32:40',5,'3\r'),(1154,15,'2019-07-08 11:32:40',5,'3\r'),(1155,25,'2019-07-09 11:32:40',5,'3\r'),(1156,12,'2019-07-10 11:32:40',1,'13\r'),(1157,15,'2019-07-11 11:32:40',1,'13\r'),(1158,25,'2019-07-12 11:32:40',1,'13\r'),(1159,12,'2019-07-13 11:32:40',2,'3\r'),(1160,15,'2019-07-14 11:32:40',2,'3\r'),(1161,25,'2019-07-15 11:32:40',2,'3\r'),(1162,12,'2019-07-16 11:32:40',5,'3\r'),(1163,15,'2019-07-17 11:32:40',5,'3\r'),(1164,25,'2019-07-18 11:32:40',5,'3\r'),(1165,12,'2019-07-19 11:32:40',1,'13\r'),(1166,15,'2019-07-20 11:32:40',1,'13\r'),(1167,25,'2019-07-21 11:32:40',1,'13\r'),(1168,12,'2019-07-22 11:32:40',5,'3\r'),(1169,15,'2019-07-23 11:32:40',5,'3\r'),(1170,25,'2019-07-24 11:32:40',5,'3\r'),(1171,12,'2019-07-25 11:32:40',1,'13\r'),(1172,15,'2019-07-26 11:32:40',1,'13\r'),(1173,25,'2019-07-27 11:32:40',1,'13\r'),(1174,12,'2019-07-28 11:32:40',2,'3\r'),(1175,15,'2019-07-29 11:32:40',2,'3\r'),(1176,25,'2019-07-30 11:32:40',2,'3\r'),(1177,12,'2019-07-31 11:32:40',5,'3\r'),(1178,15,'2019-08-01 11:32:40',5,'3\r'),(1179,25,'2019-08-02 11:32:40',5,'3\r'),(1180,12,'2019-08-03 11:32:40',1,'13\r'),(1181,15,'2019-08-04 11:32:40',1,'13\r'),(1182,25,'2019-08-05 11:32:40',1,'13\r'),(1183,12,'2019-08-06 11:32:40',5,'3\r'),(1184,15,'2019-08-07 11:32:40',5,'3\r'),(1185,25,'2019-08-08 11:32:40',5,'3\r'),(1186,12,'2019-08-09 11:32:40',1,'13\r'),(1187,15,'2019-08-10 11:32:40',1,'13\r'),(1188,25,'2019-08-11 11:32:40',1,'13\r'),(1189,12,'2019-08-12 11:32:40',2,'3\r'),(1190,15,'2019-08-13 11:32:40',2,'3\r'),(1191,25,'2019-08-14 11:32:40',2,'3\r'),(1192,12,'2019-08-15 11:32:40',5,'3\r'),(1193,15,'2019-08-16 11:32:40',5,'3\r'),(1194,25,'2019-08-17 11:32:40',5,'3\r'),(1195,12,'2019-08-18 11:32:40',1,'13\r'),(1196,15,'2019-08-19 11:32:40',1,'13\r'),(1197,25,'2019-08-20 11:32:40',1,'13\r'),(1198,12,'2019-08-21 11:32:40',5,'3\r'),(1199,15,'2019-08-22 11:32:40',5,'3\r'),(1200,25,'2019-08-23 11:32:40',5,'3\r'),(1201,19,'2018-01-01 11:32:40',3,'3\r'),(1202,20,'2018-01-02 11:32:40',3,'3\r'),(1203,28,'2018-01-03 11:32:40',3,'3\r'),(1204,19,'2018-01-04 11:32:40',4,'2\r'),(1205,20,'2018-01-05 11:32:40',4,'2\r'),(1206,28,'2018-01-06 11:32:40',4,'2\r'),(1207,19,'2018-01-07 11:32:40',3,'3\r'),(1208,20,'2018-01-08 11:32:40',3,'3\r'),(1209,28,'2018-01-09 11:32:40',3,'3\r'),(1210,19,'2018-01-10 11:32:40',3,'3\r'),(1211,20,'2018-01-11 11:32:40',3,'3\r'),(1212,28,'2018-01-19 11:32:40',3,'3\r'),(1213,19,'2018-01-13 11:32:40',3,'3\r'),(1214,20,'2018-01-14 11:32:40',3,'3\r'),(1215,28,'2018-01-20 11:32:40',3,'3\r'),(1216,19,'2018-01-16 11:32:40',3,'3\r'),(1217,20,'2018-01-17 11:32:40',3,'3\r'),(1218,28,'2018-01-18 11:32:40',3,'3\r'),(1219,19,'2018-01-19 11:32:40',4,'2\r'),(1220,20,'2018-01-20 11:32:40',4,'2\r'),(1221,28,'2018-01-21 11:32:40',4,'2\r'),(1222,19,'2018-01-22 11:32:40',3,'3\r'),(1223,20,'2018-01-23 11:32:40',3,'3\r'),(1224,28,'2018-01-24 11:32:40',3,'3\r'),(1225,19,'2018-01-28 11:32:40',3,'3\r'),(1226,20,'2018-01-26 11:32:40',3,'3\r'),(1227,28,'2018-01-27 11:32:40',3,'3\r'),(1228,19,'2018-01-28 11:32:40',3,'3\r'),(1229,20,'2018-01-29 11:32:40',3,'3\r'),(1230,28,'2018-01-30 11:32:40',3,'3\r'),(1231,19,'2018-01-31 11:32:40',3,'3\r'),(1232,20,'2018-02-01 11:32:40',3,'3\r'),(1233,28,'2018-02-02 11:32:40',3,'3\r'),(1234,19,'2018-02-03 11:32:40',4,'2\r'),(1235,20,'2018-02-04 11:32:40',4,'2\r'),(1236,28,'2018-02-05 11:32:40',4,'2\r'),(1237,19,'2018-02-06 11:32:40',3,'3\r'),(1238,20,'2018-02-07 11:32:40',3,'3\r'),(1239,28,'2018-02-08 11:32:40',3,'3\r'),(1240,19,'2018-02-09 11:32:40',3,'3\r'),(1241,20,'2018-02-10 11:32:40',3,'3\r'),(1242,28,'2018-02-11 11:32:40',3,'3\r'),(1243,19,'2018-02-19 11:32:40',3,'3\r'),(1244,20,'2018-02-13 11:32:40',3,'3\r'),(1245,28,'2018-02-14 11:32:40',3,'3\r'),(1246,19,'2018-02-20 11:32:40',3,'3\r'),(1247,20,'2018-02-16 11:32:40',3,'3\r'),(1248,28,'2018-02-17 11:32:40',3,'3\r'),(1249,19,'2018-02-18 11:32:40',4,'2\r'),(1250,20,'2018-02-19 11:32:40',4,'2\r'),(1251,28,'2018-02-20 11:32:40',4,'2\r'),(1252,19,'2018-02-21 11:32:40',3,'3\r'),(1253,20,'2018-02-22 11:32:40',3,'3\r'),(1254,28,'2018-02-23 11:32:40',3,'3\r'),(1255,19,'2018-02-24 11:32:40',3,'3\r'),(1256,20,'2018-02-28 11:32:40',3,'3\r'),(1257,28,'2018-02-26 11:32:40',3,'3\r'),(1258,19,'2018-02-27 11:32:40',3,'3\r'),(1259,20,'2018-02-28 11:32:40',3,'3\r'),(1260,28,'2018-03-01 11:32:40',3,'3\r'),(1261,19,'2018-03-02 11:32:40',3,'3\r'),(1262,20,'2018-03-03 11:32:40',3,'3\r'),(1263,28,'2018-03-04 11:32:40',3,'3\r'),(1264,19,'2018-03-05 11:32:40',4,'2\r'),(1265,20,'2018-03-06 11:32:40',4,'2\r'),(1266,28,'2018-03-07 11:32:40',4,'2\r'),(1267,19,'2018-03-08 11:32:40',3,'3\r'),(1268,20,'2018-03-09 11:32:40',3,'3\r'),(1269,28,'2018-03-10 11:32:40',3,'3\r'),(1270,19,'2018-03-11 11:32:40',3,'3\r'),(1271,20,'2018-03-19 11:32:40',3,'3\r'),(1272,28,'2018-03-13 11:32:40',3,'3\r'),(1273,19,'2018-03-14 11:32:40',3,'3\r'),(1274,20,'2018-03-20 11:32:40',3,'3\r'),(1275,28,'2018-03-16 11:32:40',3,'3\r'),(1276,19,'2018-03-17 11:32:40',3,'3\r'),(1277,20,'2018-03-18 11:32:40',3,'3\r'),(1278,28,'2018-03-19 11:32:40',3,'3\r'),(1279,19,'2018-03-20 11:32:40',4,'2\r'),(1280,20,'2018-03-21 11:32:40',4,'2\r'),(1281,28,'2018-03-22 11:32:40',4,'2\r'),(1282,19,'2018-03-23 11:32:40',3,'3\r'),(1283,20,'2018-03-24 11:32:40',3,'3\r'),(1284,28,'2018-03-28 11:32:40',3,'3\r'),(1285,19,'2018-03-26 11:32:40',3,'3\r'),(1286,20,'2018-03-27 11:32:40',3,'3\r'),(1287,28,'2018-03-28 11:32:40',3,'3\r'),(1288,19,'2018-03-29 11:32:40',3,'3\r'),(1289,20,'2018-03-30 11:32:40',3,'3\r'),(1290,28,'2018-03-31 11:32:40',3,'3\r'),(1291,19,'2018-04-01 11:32:40',3,'3\r'),(1292,20,'2018-04-02 11:32:40',3,'3\r'),(1293,28,'2018-04-03 11:32:40',3,'3\r'),(1294,19,'2018-04-04 11:32:40',4,'2\r'),(1295,20,'2018-04-05 11:32:40',4,'2\r'),(1296,28,'2018-04-06 11:32:40',4,'2\r'),(1297,19,'2018-04-07 11:32:40',3,'3\r'),(1298,20,'2018-04-08 11:32:40',3,'3\r'),(1299,28,'2018-04-09 11:32:40',3,'3\r'),(1300,19,'2018-04-10 11:32:40',3,'3\r'),(1301,20,'2018-04-11 11:32:40',3,'3\r'),(1302,28,'2018-04-19 11:32:40',3,'3\r'),(1303,19,'2018-04-13 11:32:40',3,'3\r'),(1304,20,'2018-04-14 11:32:40',3,'3\r'),(1305,28,'2018-04-20 11:32:40',3,'3\r'),(1306,19,'2018-04-16 11:32:40',3,'3\r'),(1307,20,'2018-04-17 11:32:40',3,'3\r'),(1308,28,'2018-04-18 11:32:40',3,'3\r'),(1309,19,'2018-04-19 11:32:40',4,'2\r'),(1310,20,'2018-04-20 11:32:40',4,'2\r'),(1311,28,'2018-04-21 11:32:40',4,'2\r'),(1312,19,'2018-04-22 11:32:40',3,'3\r'),(1313,20,'2018-04-23 11:32:40',3,'3\r'),(1314,28,'2018-04-24 11:32:40',3,'3\r'),(1315,19,'2018-04-28 11:32:40',3,'3\r'),(1316,20,'2018-04-26 11:32:40',3,'3\r'),(1317,28,'2018-04-27 11:32:40',3,'3\r'),(1318,19,'2018-04-28 11:32:40',3,'3\r'),(1319,20,'2018-04-29 11:32:40',3,'3\r'),(1320,28,'2018-04-30 11:32:40',3,'3\r'),(1321,19,'2018-05-01 11:32:40',3,'3\r'),(1322,20,'2018-05-02 11:32:40',3,'3\r'),(1323,28,'2018-05-03 11:32:40',3,'3\r'),(1324,19,'2018-05-04 11:32:40',4,'2\r'),(1325,20,'2018-05-05 11:32:40',4,'2\r'),(1326,28,'2018-05-06 11:32:40',4,'2\r'),(1327,19,'2018-05-07 11:32:40',3,'3\r'),(1328,20,'2018-05-08 11:32:40',3,'3\r'),(1329,28,'2018-05-09 11:32:40',3,'3\r'),(1330,19,'2018-05-10 11:32:40',3,'3\r'),(1331,20,'2018-05-11 11:32:40',3,'3\r'),(1332,28,'2018-05-19 11:32:40',3,'3\r'),(1333,19,'2018-05-13 11:32:40',3,'3\r'),(1334,20,'2018-05-14 11:32:40',3,'3\r'),(1335,28,'2018-05-20 11:32:40',3,'3\r'),(1336,19,'2018-05-16 11:32:40',3,'3\r'),(1337,20,'2018-05-17 11:32:40',3,'3\r'),(1338,28,'2018-05-18 11:32:40',3,'3\r'),(1339,19,'2018-05-19 11:32:40',4,'2\r'),(1340,20,'2018-05-20 11:32:40',4,'2\r'),(1341,28,'2018-05-21 11:32:40',4,'2\r'),(1342,19,'2018-05-22 11:32:40',3,'3\r'),(1343,20,'2018-05-23 11:32:40',3,'3\r'),(1344,28,'2018-05-24 11:32:40',3,'3\r'),(1345,19,'2018-05-28 11:32:40',3,'3\r'),(1346,20,'2018-05-26 11:32:40',3,'3\r'),(1347,28,'2018-05-27 11:32:40',3,'3\r'),(1348,19,'2018-05-28 11:32:40',3,'3\r'),(1349,20,'2018-05-29 11:32:40',3,'3\r'),(1350,28,'2018-05-30 11:32:40',3,'3\r'),(1351,19,'2018-05-31 11:32:40',3,'3\r'),(1352,20,'2018-06-01 11:32:40',3,'3\r'),(1353,28,'2018-06-02 11:32:40',3,'3\r'),(1354,19,'2018-06-03 11:32:40',4,'2\r'),(1355,20,'2018-06-04 11:32:40',4,'2\r'),(1356,28,'2018-06-05 11:32:40',4,'2\r'),(1357,19,'2018-06-06 11:32:40',3,'3\r'),(1358,20,'2018-06-07 11:32:40',3,'3\r'),(1359,28,'2018-06-08 11:32:40',3,'3\r'),(1360,19,'2018-06-09 11:32:40',3,'3\r'),(1361,20,'2018-06-10 11:32:40',3,'3\r'),(1362,28,'2018-06-11 11:32:40',3,'3\r'),(1363,19,'2018-06-19 11:32:40',3,'3\r'),(1364,20,'2018-06-13 11:32:40',3,'3\r'),(1365,28,'2018-06-14 11:32:40',3,'3\r'),(1366,19,'2018-06-20 11:32:40',3,'3\r'),(1367,20,'2018-06-16 11:32:40',3,'3\r'),(1368,28,'2018-06-17 11:32:40',3,'3\r'),(1369,19,'2018-06-18 11:32:40',4,'2\r'),(1370,20,'2018-06-19 11:32:40',4,'2\r'),(1371,28,'2018-06-20 11:32:40',4,'2\r'),(1372,19,'2018-06-21 11:32:40',3,'3\r'),(1373,20,'2018-06-22 11:32:40',3,'3\r'),(1374,28,'2018-06-23 11:32:40',3,'3\r'),(1375,19,'2018-06-24 11:32:40',3,'3\r'),(1376,20,'2018-06-28 11:32:40',3,'3\r'),(1377,28,'2018-06-26 11:32:40',3,'3\r'),(1378,19,'2018-06-27 11:32:40',3,'3\r'),(1379,20,'2018-06-28 11:32:40',3,'3\r'),(1380,28,'2018-06-29 11:32:40',3,'3\r'),(1381,19,'2018-06-30 11:32:40',3,'3\r'),(1382,20,'2018-07-01 11:32:40',3,'3\r'),(1383,28,'2018-07-02 11:32:40',3,'3\r'),(1384,19,'2018-07-03 11:32:40',4,'2\r'),(1385,20,'2018-07-04 11:32:40',4,'2\r'),(1386,28,'2018-07-05 11:32:40',4,'2\r'),(1387,19,'2018-07-06 11:32:40',3,'3\r'),(1388,20,'2018-07-07 11:32:40',3,'3\r'),(1389,28,'2018-07-08 11:32:40',3,'3\r'),(1390,19,'2018-07-09 11:32:40',3,'3\r'),(1391,20,'2018-07-10 11:32:40',3,'3\r'),(1392,28,'2018-07-11 11:32:40',3,'3\r'),(1393,19,'2018-07-19 11:32:40',3,'3\r'),(1394,20,'2018-07-13 11:32:40',3,'3\r'),(1395,28,'2018-07-14 11:32:40',3,'3\r'),(1396,19,'2018-07-20 11:32:40',3,'3\r'),(1397,20,'2018-07-16 11:32:40',3,'3\r'),(1398,28,'2018-07-17 11:32:40',3,'3\r'),(1399,19,'2018-07-18 11:32:40',4,'2\r'),(1400,20,'2018-07-19 11:32:40',4,'2\r'),(1401,28,'2018-07-20 11:32:40',4,'2\r'),(1402,19,'2018-07-21 11:32:40',3,'3\r'),(1403,20,'2018-07-22 11:32:40',3,'3\r'),(1404,28,'2018-07-23 11:32:40',3,'3\r'),(1405,19,'2018-07-24 11:32:40',3,'3\r'),(1406,20,'2018-07-28 11:32:40',3,'3\r'),(1407,28,'2018-07-26 11:32:40',3,'3\r'),(1408,19,'2018-07-27 11:32:40',3,'3\r'),(1409,20,'2018-07-28 11:32:40',3,'3\r'),(1410,28,'2018-07-29 11:32:40',3,'3\r'),(1411,19,'2018-07-30 11:32:40',3,'3\r'),(1412,20,'2018-07-31 11:32:40',3,'3\r'),(1413,28,'2018-08-01 11:32:40',3,'3\r'),(1414,19,'2018-08-02 11:32:40',4,'2\r'),(1415,20,'2018-08-03 11:32:40',4,'2\r'),(1416,28,'2018-08-04 11:32:40',4,'2\r'),(1417,19,'2018-08-05 11:32:40',3,'3\r'),(1418,20,'2018-08-06 11:32:40',3,'3\r'),(1419,28,'2018-08-07 11:32:40',3,'3\r'),(1420,19,'2018-08-08 11:32:40',3,'3\r'),(1421,20,'2018-08-09 11:32:40',3,'3\r'),(1422,28,'2018-08-10 11:32:40',3,'3\r'),(1423,19,'2018-08-11 11:32:40',3,'3\r'),(1424,20,'2018-08-19 11:32:40',3,'3\r'),(1425,28,'2018-08-13 11:32:40',3,'3\r'),(1426,19,'2018-08-14 11:32:40',3,'3\r'),(1427,20,'2018-08-20 11:32:40',3,'3\r'),(1428,28,'2018-08-16 11:32:40',3,'3\r'),(1429,19,'2018-08-17 11:32:40',4,'2\r'),(1430,20,'2018-08-18 11:32:40',4,'2\r'),(1431,28,'2018-08-19 11:32:40',4,'2\r'),(1432,19,'2018-08-20 11:32:40',3,'3\r'),(1433,20,'2018-08-21 11:32:40',3,'3\r'),(1434,28,'2018-08-22 11:32:40',3,'3\r'),(1435,19,'2018-08-23 11:32:40',3,'3\r'),(1436,20,'2018-08-24 11:32:40',3,'3\r'),(1437,28,'2018-08-28 11:32:40',3,'3\r'),(1438,19,'2018-08-26 11:32:40',3,'3\r'),(1439,20,'2018-08-27 11:32:40',3,'3\r'),(1440,28,'2018-08-28 11:32:40',3,'3\r'),(1441,19,'2018-08-29 11:32:40',3,'3\r'),(1442,20,'2018-08-30 11:32:40',3,'3\r'),(1443,28,'2018-08-31 11:32:40',3,'3\r'),(1444,19,'2018-09-01 11:32:40',4,'2\r'),(1445,20,'2018-09-02 11:32:40',4,'2\r'),(1446,28,'2018-09-03 11:32:40',4,'2\r'),(1447,19,'2018-09-04 11:32:40',3,'3\r'),(1448,20,'2018-09-05 11:32:40',3,'3\r'),(1449,28,'2018-09-06 11:32:40',3,'3\r'),(1450,19,'2018-09-07 11:32:40',3,'3\r'),(1451,20,'2018-09-08 11:32:40',3,'3\r'),(1452,28,'2018-09-09 11:32:40',3,'3\r'),(1453,19,'2018-09-10 11:32:40',3,'3\r'),(1454,20,'2018-09-11 11:32:40',3,'3\r'),(1455,28,'2018-09-19 11:32:40',3,'3\r'),(1456,19,'2018-09-13 11:32:40',3,'3\r'),(1457,20,'2018-09-14 11:32:40',3,'3\r'),(1458,28,'2018-09-20 11:32:40',3,'3\r'),(1459,19,'2018-09-16 11:32:40',4,'2\r'),(1460,20,'2018-09-17 11:32:40',4,'2\r'),(1461,28,'2018-09-18 11:32:40',4,'2\r'),(1462,19,'2018-09-19 11:32:40',3,'3\r'),(1463,20,'2018-09-20 11:32:40',3,'3\r'),(1464,28,'2018-09-21 11:32:40',3,'3\r'),(1465,19,'2018-09-22 11:32:40',3,'3\r'),(1466,20,'2018-09-23 11:32:40',3,'3\r'),(1467,28,'2018-09-24 11:32:40',3,'3\r'),(1468,19,'2018-09-28 11:32:40',3,'3\r'),(1469,20,'2018-09-26 11:32:40',3,'3\r'),(1470,28,'2018-09-27 11:32:40',3,'3\r'),(1471,19,'2018-09-28 11:32:40',3,'3\r'),(1472,20,'2018-09-29 11:32:40',3,'3\r'),(1473,28,'2018-09-30 11:32:40',3,'3\r'),(1474,19,'2018-10-01 11:32:40',4,'2\r'),(1475,20,'2018-10-02 11:32:40',4,'2\r'),(1476,28,'2018-10-03 11:32:40',4,'2\r'),(1477,19,'2018-10-04 11:32:40',3,'3\r'),(1478,20,'2018-10-05 11:32:40',3,'3\r'),(1479,28,'2018-10-06 11:32:40',3,'3\r'),(1480,19,'2018-10-07 11:32:40',3,'3\r'),(1481,20,'2018-10-08 11:32:40',3,'3\r'),(1482,28,'2018-10-09 11:32:40',3,'3\r'),(1483,19,'2018-10-10 11:32:40',3,'3\r'),(1484,20,'2018-10-11 11:32:40',3,'3\r'),(1485,28,'2018-10-19 11:32:40',3,'3\r'),(1486,19,'2018-10-13 11:32:40',3,'3\r'),(1487,20,'2018-10-14 11:32:40',3,'3\r'),(1488,28,'2018-10-20 11:32:40',3,'3\r'),(1489,19,'2018-10-16 11:32:40',4,'2\r'),(1490,20,'2018-10-17 11:32:40',4,'2\r'),(1491,28,'2018-10-18 11:32:40',4,'2\r'),(1492,19,'2018-10-19 11:32:40',3,'3\r'),(1493,20,'2018-10-20 11:32:40',3,'3\r'),(1494,28,'2018-10-21 11:32:40',3,'3\r'),(1495,19,'2018-10-22 11:32:40',3,'3\r'),(1496,20,'2018-10-23 11:32:40',3,'3\r'),(1497,28,'2018-10-24 11:32:40',3,'3\r'),(1498,19,'2018-10-28 11:32:40',3,'3\r'),(1499,20,'2018-10-26 11:32:40',3,'3\r'),(1500,28,'2018-10-27 11:32:40',3,'3\r'),(1501,19,'2018-10-28 11:32:40',3,'3\r'),(1502,20,'2018-10-29 11:32:40',3,'3\r'),(1503,28,'2018-10-30 11:32:40',3,'3\r'),(1504,19,'2018-10-31 11:32:40',4,'2\r'),(1505,20,'2018-11-01 11:32:40',4,'2\r'),(1506,28,'2018-11-02 11:32:40',4,'2\r'),(1507,19,'2018-11-03 11:32:40',3,'3\r'),(1508,20,'2018-11-04 11:32:40',3,'3\r'),(1509,28,'2018-11-05 11:32:40',3,'3\r'),(1510,19,'2018-11-06 11:32:40',3,'3\r'),(1511,20,'2018-11-07 11:32:40',3,'3\r'),(1512,28,'2018-11-08 11:32:40',3,'3\r'),(1513,19,'2018-11-09 11:32:40',3,'3\r'),(1514,20,'2018-11-10 11:32:40',3,'3\r'),(1515,28,'2018-11-11 11:32:40',3,'3\r'),(1516,19,'2018-11-19 11:32:40',3,'3\r'),(1517,20,'2018-11-13 11:32:40',3,'3\r'),(1518,28,'2018-11-14 11:32:40',3,'3\r'),(1519,19,'2018-11-20 11:32:40',4,'2\r'),(1520,20,'2018-11-16 11:32:40',4,'2\r'),(1521,28,'2018-11-17 11:32:40',4,'2\r'),(1522,19,'2018-11-18 11:32:40',3,'3\r'),(1523,20,'2018-11-19 11:32:40',3,'3\r'),(1524,28,'2018-11-20 11:32:40',3,'3\r'),(1525,19,'2018-11-21 11:32:40',3,'3\r'),(1526,20,'2018-11-22 11:32:40',3,'3\r'),(1527,28,'2018-11-23 11:32:40',3,'3\r'),(1528,19,'2018-11-24 11:32:40',3,'3\r'),(1529,20,'2018-11-28 11:32:40',3,'3\r'),(1530,28,'2018-11-26 11:32:40',3,'3\r'),(1531,19,'2018-11-27 11:32:40',3,'3\r'),(1532,20,'2018-11-28 11:32:40',3,'3\r'),(1533,28,'2018-11-29 11:32:40',3,'3\r'),(1534,19,'2018-11-30 11:32:40',4,'2\r'),(1535,20,'0000-00-00 00:00:00',4,'2\r'),(1536,28,'0000-00-00 00:00:00',4,'2\r'),(1537,19,'0000-00-00 00:00:00',3,'3\r'),(1538,20,'0000-00-00 00:00:00',3,'3\r'),(1539,28,'0000-00-00 00:00:00',3,'3\r'),(1540,19,'0000-00-00 00:00:00',3,'3\r'),(1541,20,'0000-00-00 00:00:00',3,'3\r'),(1542,28,'0000-00-00 00:00:00',3,'3\r'),(1543,19,'0000-00-00 00:00:00',3,'3\r'),(1544,20,'0000-00-00 00:00:00',3,'3\r'),(1545,28,'0000-00-00 00:00:00',3,'3\r'),(1546,19,'0000-00-00 00:00:00',3,'3\r'),(1547,20,'0000-00-00 00:00:00',3,'3\r'),(1548,28,'0000-00-00 00:00:00',3,'3\r'),(1549,19,'0000-00-00 00:00:00',4,'2\r'),(1550,20,'0000-00-00 00:00:00',4,'2\r'),(1551,28,'0000-00-00 00:00:00',4,'2\r'),(1552,19,'0000-00-00 00:00:00',3,'3\r'),(1553,20,'0000-00-00 00:00:00',3,'3\r'),(1554,28,'0000-00-00 00:00:00',3,'3\r'),(1555,19,'0000-00-00 00:00:00',3,'3\r'),(1556,20,'0000-00-00 00:00:00',3,'3\r'),(1557,28,'0000-00-00 00:00:00',3,'3\r'),(1558,19,'0000-00-00 00:00:00',3,'3\r'),(1559,20,'0000-00-00 00:00:00',3,'3\r'),(1560,28,'0000-00-00 00:00:00',3,'3\r'),(1561,19,'0000-00-00 00:00:00',3,'3\r'),(1562,20,'0000-00-00 00:00:00',3,'3\r'),(1563,28,'0000-00-00 00:00:00',3,'3\r'),(1564,19,'0000-00-00 00:00:00',4,'2\r'),(1565,20,'0000-00-00 00:00:00',4,'2\r'),(1566,28,'2019-01-01 11:32:40',4,'2\r'),(1567,19,'2019-01-02 11:32:40',3,'3\r'),(1568,20,'2019-01-03 11:32:40',3,'3\r'),(1569,28,'2019-01-04 11:32:40',3,'3\r'),(1570,19,'2019-01-05 11:32:40',3,'3\r'),(1571,20,'2019-01-06 11:32:40',3,'3\r'),(1572,28,'2019-01-07 11:32:40',3,'3\r'),(1573,19,'2019-01-08 11:32:40',3,'3\r'),(1574,20,'2019-01-09 11:32:40',3,'3\r'),(1575,28,'2019-01-10 11:32:40',3,'3\r'),(1576,19,'2019-01-11 11:32:40',3,'3\r'),(1577,20,'2019-01-19 11:32:40',3,'3\r'),(1578,28,'2019-01-13 11:32:40',3,'3\r'),(1579,19,'2019-01-14 11:32:40',4,'2\r'),(1580,20,'2019-01-20 11:32:40',4,'2\r'),(1581,28,'2019-01-16 11:32:40',4,'2\r'),(1582,19,'2019-01-17 11:32:40',3,'3\r'),(1583,20,'2019-01-18 11:32:40',3,'3\r'),(1584,28,'2019-01-19 11:32:40',3,'3\r'),(1585,19,'2019-01-20 11:32:40',3,'3\r'),(1586,20,'2019-01-21 11:32:40',3,'3\r'),(1587,28,'2019-01-22 11:32:40',3,'3\r'),(1588,19,'2019-01-23 11:32:40',3,'3\r'),(1589,20,'2019-01-24 11:32:40',3,'3\r'),(1590,28,'2019-01-28 11:32:40',3,'3\r'),(1591,19,'2019-01-26 11:32:40',3,'3\r'),(1592,20,'2019-01-27 11:32:40',3,'3\r'),(1593,28,'2019-01-28 11:32:40',3,'3\r'),(1594,19,'2019-01-29 11:32:40',4,'2\r'),(1595,20,'2019-01-30 11:32:40',4,'2\r'),(1596,28,'2019-01-31 11:32:40',4,'2\r'),(1597,19,'2019-02-01 11:32:40',3,'3\r'),(1598,20,'2019-02-02 11:32:40',3,'3\r'),(1599,28,'2019-02-03 11:32:40',3,'3\r'),(1600,19,'2019-02-04 11:32:40',3,'3\r'),(1601,20,'2019-02-05 11:32:40',3,'3\r'),(1602,28,'2019-02-06 11:32:40',3,'3\r'),(1603,19,'2019-02-07 11:32:40',3,'3\r'),(1604,20,'2019-02-08 11:32:40',3,'3\r'),(1605,28,'2019-02-09 11:32:40',3,'3\r'),(1606,19,'2019-02-10 11:32:40',3,'3\r'),(1607,20,'2019-02-11 11:32:40',3,'3\r'),(1608,28,'2019-02-19 11:32:40',3,'3\r'),(1609,19,'2019-02-13 11:32:40',4,'2\r'),(1610,20,'2019-02-14 11:32:40',4,'2\r'),(1611,28,'2019-02-20 11:32:40',4,'2\r'),(1612,19,'2019-02-16 11:32:40',3,'3\r'),(1613,20,'2019-02-17 11:32:40',3,'3\r'),(1614,28,'2019-02-18 11:32:40',3,'3\r'),(1615,19,'2019-02-19 11:32:40',3,'3\r'),(1616,20,'2019-02-20 11:32:40',3,'3\r'),(1617,28,'2019-02-21 11:32:40',3,'3\r'),(1618,19,'2019-02-22 11:32:40',3,'3\r'),(1619,20,'2019-02-23 11:32:40',3,'3\r'),(1620,28,'2019-02-24 11:32:40',3,'3\r'),(1621,19,'2019-02-28 11:32:40',3,'3\r'),(1622,20,'2019-02-26 11:32:40',3,'3\r'),(1623,28,'2019-02-27 11:32:40',3,'3\r'),(1624,19,'2019-02-28 11:32:40',4,'2\r'),(1625,20,'2019-03-01 11:32:40',4,'2\r'),(1626,28,'2019-03-02 11:32:40',4,'2\r'),(1627,19,'2019-03-03 11:32:40',3,'3\r'),(1628,20,'2019-03-04 11:32:40',3,'3\r'),(1629,28,'2019-03-05 11:32:40',3,'3\r'),(1630,19,'2019-03-06 11:32:40',3,'3\r'),(1631,20,'2019-03-07 11:32:40',3,'3\r'),(1632,28,'2019-03-08 11:32:40',3,'3\r'),(1633,19,'2019-03-09 11:32:40',3,'3\r'),(1634,20,'2019-03-10 11:32:40',3,'3\r'),(1635,28,'2019-03-11 11:32:40',3,'3\r'),(1636,19,'2019-03-19 11:32:40',3,'3\r'),(1637,20,'2019-03-13 11:32:40',3,'3\r'),(1638,28,'2019-03-14 11:32:40',3,'3\r'),(1639,19,'2019-03-20 11:32:40',4,'2\r'),(1640,20,'2019-03-16 11:32:40',4,'2\r'),(1641,28,'2019-03-17 11:32:40',4,'2\r'),(1642,19,'2019-03-18 11:32:40',3,'3\r'),(1643,20,'2019-03-19 11:32:40',3,'3\r'),(1644,28,'2019-03-20 11:32:40',3,'3\r'),(1645,19,'2019-03-21 11:32:40',3,'3\r'),(1646,20,'2019-03-22 11:32:40',3,'3\r'),(1647,28,'2019-03-23 11:32:40',3,'3\r'),(1648,19,'2019-03-24 11:32:40',3,'3\r'),(1649,20,'2019-03-28 11:32:40',3,'3\r'),(1650,28,'2019-03-26 11:32:40',3,'3\r'),(1651,19,'2019-03-27 11:32:40',3,'3\r'),(1652,20,'2019-03-28 11:32:40',3,'3\r'),(1653,28,'2019-03-29 11:32:40',3,'3\r'),(1654,19,'2019-03-30 11:32:40',4,'2\r'),(1655,20,'2019-03-31 11:32:40',4,'2\r'),(1656,28,'2019-04-01 11:32:40',4,'2\r'),(1657,19,'2019-04-02 11:32:40',3,'3\r'),(1658,20,'2019-04-03 11:32:40',3,'3\r'),(1659,28,'2019-04-04 11:32:40',3,'3\r'),(1660,19,'2019-04-05 11:32:40',3,'3\r'),(1661,20,'2019-04-06 11:32:40',3,'3\r'),(1662,28,'2019-04-07 11:32:40',3,'3\r'),(1663,19,'2019-04-08 11:32:40',3,'3\r'),(1664,20,'2019-04-09 11:32:40',3,'3\r'),(1665,28,'2019-04-10 11:32:40',3,'3\r'),(1666,19,'2019-04-11 11:32:40',3,'3\r'),(1667,20,'2019-04-19 11:32:40',3,'3\r'),(1668,28,'2019-04-13 11:32:40',3,'3\r'),(1669,19,'2019-04-14 11:32:40',4,'2\r'),(1670,20,'2019-04-20 11:32:40',4,'2\r'),(1671,28,'2019-04-16 11:32:40',4,'2\r'),(1672,19,'2019-04-17 11:32:40',3,'3\r'),(1673,20,'2019-04-18 11:32:40',3,'3\r'),(1674,28,'2019-04-19 11:32:40',3,'3\r'),(1675,19,'2019-04-20 11:32:40',3,'3\r'),(1676,20,'2019-04-21 11:32:40',3,'3\r'),(1677,28,'2019-04-22 11:32:40',3,'3\r'),(1678,19,'2019-04-23 11:32:40',3,'3\r'),(1679,20,'2019-04-24 11:32:40',3,'3\r'),(1680,28,'2019-04-28 11:32:40',3,'3\r'),(1681,19,'2019-04-26 11:32:40',3,'3\r'),(1682,20,'2019-04-27 11:32:40',3,'3\r'),(1683,28,'2019-04-28 11:32:40',3,'3\r'),(1684,19,'2019-04-29 11:32:40',4,'2\r'),(1685,20,'2019-04-30 11:32:40',4,'2\r'),(1686,28,'2019-05-01 11:32:40',4,'2\r'),(1687,19,'2019-05-02 11:32:40',3,'3\r'),(1688,20,'2019-05-03 11:32:40',3,'3\r'),(1689,28,'2019-05-04 11:32:40',3,'3\r'),(1690,19,'2019-05-05 11:32:40',3,'3\r'),(1691,20,'2019-05-06 11:32:40',3,'3\r'),(1692,28,'2019-05-07 11:32:40',3,'3\r'),(1693,19,'2019-05-08 11:32:40',3,'3\r'),(1694,20,'2019-05-09 11:32:40',3,'3\r'),(1695,28,'2019-05-10 11:32:40',3,'3\r'),(1696,19,'2019-05-11 11:32:40',3,'3\r'),(1697,20,'2019-05-19 11:32:40',3,'3\r'),(1698,28,'2019-05-13 11:32:40',3,'3\r'),(1699,19,'2019-05-14 11:32:40',4,'2\r'),(1700,20,'2019-05-20 11:32:40',4,'2\r'),(1701,28,'2019-05-16 11:32:40',4,'2\r'),(1702,19,'2019-05-17 11:32:40',3,'3\r'),(1703,20,'2019-05-18 11:32:40',3,'3\r'),(1704,28,'2019-05-19 11:32:40',3,'3\r'),(1705,19,'2019-05-20 11:32:40',3,'3\r'),(1706,20,'2019-05-21 11:32:40',3,'3\r'),(1707,28,'2019-05-22 11:32:40',3,'3\r'),(1708,19,'2019-05-23 11:32:40',3,'3\r'),(1709,20,'2019-05-24 11:32:40',3,'3\r'),(1710,28,'2019-05-28 11:32:40',3,'3\r'),(1711,19,'2019-05-26 11:32:40',3,'3\r'),(1712,20,'2019-05-27 11:32:40',3,'3\r'),(1713,28,'2019-05-28 11:32:40',3,'3\r'),(1714,19,'2019-05-29 11:32:40',4,'2\r'),(1715,20,'2019-05-30 11:32:40',4,'2\r'),(1716,28,'2019-05-31 11:32:40',4,'2\r'),(1717,19,'2019-06-01 11:32:40',3,'3\r'),(1718,20,'2019-06-02 11:32:40',3,'3\r'),(1719,28,'2019-06-03 11:32:40',3,'3\r'),(1720,19,'2019-06-04 11:32:40',3,'3\r'),(1721,20,'2019-06-05 11:32:40',3,'3\r'),(1722,28,'2019-06-06 11:32:40',3,'3\r'),(1723,19,'2019-06-07 11:32:40',3,'3\r'),(1724,20,'2019-06-08 11:32:40',3,'3\r'),(1725,28,'2019-06-09 11:32:40',3,'3\r'),(1726,19,'2019-06-10 11:32:40',3,'3\r'),(1727,20,'2019-06-11 11:32:40',3,'3\r'),(1728,28,'2019-06-19 11:32:40',3,'3\r'),(1729,19,'2019-06-13 11:32:40',4,'2\r'),(1730,20,'2019-06-14 11:32:40',4,'2\r'),(1731,28,'2019-06-20 11:32:40',4,'2\r'),(1732,19,'2019-06-16 11:32:40',3,'3\r'),(1733,20,'2019-06-17 11:32:40',3,'3\r'),(1734,28,'2019-06-18 11:32:40',3,'3\r'),(1735,19,'2019-06-19 11:32:40',3,'3\r'),(1736,20,'2019-06-20 11:32:40',3,'3\r'),(1737,28,'2019-06-21 11:32:40',3,'3\r'),(1738,19,'2019-06-22 11:32:40',3,'3\r'),(1739,20,'2019-06-23 11:32:40',3,'3\r'),(1740,28,'2019-06-24 11:32:40',3,'3\r'),(1741,19,'2019-06-28 11:32:40',3,'3\r'),(1742,20,'2019-06-26 11:32:40',3,'3\r'),(1743,28,'2019-06-27 11:32:40',3,'3\r'),(1744,19,'2019-06-28 11:32:40',4,'2\r'),(1745,20,'2019-06-29 11:32:40',4,'2\r'),(1746,28,'2019-06-30 11:32:40',4,'2\r'),(1747,19,'2019-07-01 11:32:40',3,'3\r'),(1748,20,'2019-07-02 11:32:40',3,'3\r'),(1749,28,'2019-07-03 11:32:40',3,'3\r'),(1750,19,'2019-07-04 11:32:40',3,'3\r'),(1751,20,'2019-07-05 11:32:40',3,'3\r'),(1752,28,'2019-07-06 11:32:40',3,'3\r'),(1753,19,'2019-07-07 11:32:40',3,'3\r'),(1754,20,'2019-07-08 11:32:40',3,'3\r'),(1755,28,'2019-07-09 11:32:40',3,'3\r'),(1756,19,'2019-07-10 11:32:40',3,'3\r'),(1757,20,'2019-07-11 11:32:40',3,'3\r'),(1758,28,'2019-07-19 11:32:40',3,'3\r'),(1759,19,'2019-07-13 11:32:40',4,'2\r'),(1760,20,'2019-07-14 11:32:40',4,'2\r'),(1761,28,'2019-07-20 11:32:40',4,'2\r'),(1762,19,'2019-07-16 11:32:40',3,'3\r'),(1763,20,'2019-07-17 11:32:40',3,'3\r'),(1764,28,'2019-07-18 11:32:40',3,'3\r'),(1765,19,'2019-07-19 11:32:40',3,'3\r'),(1766,20,'2019-07-20 11:32:40',3,'3\r'),(1767,28,'2019-07-21 11:32:40',3,'3\r'),(1768,19,'2019-07-22 11:32:40',3,'3\r'),(1769,20,'2019-07-23 11:32:40',3,'3\r'),(1770,28,'2019-07-24 11:32:40',3,'3\r'),(1771,19,'2019-07-28 11:32:40',3,'3\r'),(1772,20,'2019-07-26 11:32:40',3,'3\r'),(1773,28,'2019-07-27 11:32:40',3,'3\r'),(1774,19,'2019-07-28 11:32:40',4,'2\r'),(1775,20,'2019-07-29 11:32:40',4,'2\r'),(1776,28,'2019-07-30 11:32:40',4,'2\r'),(1777,19,'2019-07-31 11:32:40',3,'3\r'),(1778,20,'2019-08-01 11:32:40',3,'3\r'),(1779,28,'2019-08-02 11:32:40',3,'3\r'),(1780,19,'2019-08-03 11:32:40',3,'3\r'),(1781,20,'2019-08-04 11:32:40',3,'3\r'),(1782,28,'2019-08-05 11:32:40',3,'3\r'),(1783,19,'2019-08-06 11:32:40',3,'3\r'),(1784,20,'2019-08-07 11:32:40',3,'3\r'),(1785,28,'2019-08-08 11:32:40',3,'3\r'),(1786,19,'2019-08-09 11:32:40',3,'3\r'),(1787,20,'2019-08-10 11:32:40',3,'3\r'),(1788,28,'2019-08-11 11:32:40',3,'3\r'),(1789,19,'2019-08-19 11:32:40',4,'2\r'),(1790,20,'2019-08-13 11:32:40',4,'2\r'),(1791,28,'2019-08-14 11:32:40',4,'2\r'),(1792,19,'2019-08-20 11:32:40',3,'3\r'),(1793,20,'2019-08-16 11:32:40',3,'3\r'),(1794,28,'2019-08-17 11:32:40',3,'3\r'),(1795,19,'2019-08-18 11:32:40',3,'3\r'),(1796,20,'2019-08-19 11:32:40',3,'3\r'),(1797,28,'2019-08-20 11:32:40',3,'3\r'),(1798,19,'2019-08-21 11:32:40',3,'3\r'),(1799,20,'2019-08-22 11:32:40',3,'3\r'),(1800,28,'2019-08-23 11:32:40',3,'3\r');
/*!40000 ALTER TABLE `FeedingLog` ENABLE KEYS */;
UNLOCK TABLES;

--
-- Table structure for table `Food`
--

DROP TABLE IF EXISTS `Food`;
/*!40101 SET @saved_cs_client     = @@character_set_client */;
/*!50503 SET character_set_client = utf8mb4 */;
CREATE TABLE `Food` (
  `foodID` int(11) NOT NULL AUTO_INCREMENT,
  `foodName` varchar(255) DEFAULT NULL,
  PRIMARY KEY (`foodID`)
) ENGINE=InnoDB AUTO_INCREMENT=6 DEFAULT CHARSET=latin1;
/*!40101 SET character_set_client = @saved_cs_client */;

--
-- Dumping data for table `Food`
--

LOCK TABLES `Food` WRITE;
/*!40000 ALTER TABLE `Food` DISABLE KEYS */;
INSERT INTO `Food` VALUES (1,'Hay'),(2,'Cabbage'),(3,'Carrion'),(4,'People'),(5,'Apples');
/*!40000 ALTER TABLE `Food` ENABLE KEYS */;
UNLOCK TABLES;

--
-- Table structure for table `Species`
--

DROP TABLE IF EXISTS `Species`;
/*!40101 SET @saved_cs_client     = @@character_set_client */;
/*!50503 SET character_set_client = utf8mb4 */;
CREATE TABLE `Species` (
  `speciesID` int(11) NOT NULL AUTO_INCREMENT,
  `speciesName` text,
  `speciesText` text,
  `speciesURL` varchar(255) DEFAULT NULL,
  `speciesIMG` varchar(255) DEFAULT NULL,
  `scientificName` varchar(255) DEFAULT NULL,
  PRIMARY KEY (`speciesID`)
) ENGINE=InnoDB AUTO_INCREMENT=6 DEFAULT CHARSET=latin1;
/*!40101 SET character_set_client = @saved_cs_client */;

--
-- Dumping data for table `Species`
--

LOCK TABLES `Species` WRITE;
/*!40000 ALTER TABLE `Species` DISABLE KEYS */;
INSERT INTO `Species` VALUES (1,'Elephant','The Asian or Asiatic elephant (Elephas maximus) is the only living species of the genus Elephas and is distributed in Southeast Asia from India in the west to Borneo in the east. Three subspecies are recognized  Elephas maximus maximus from Sri Lanka, the Indian elephant or E. m. indicus from mainland Asia, and E. m. sumatranus from the island of Sumatra.[1] Asian elephants are the largest living land animals in Asia.[4]','http://en.wikipedia.org/wiki/Asian_elephant','elephant','Elephas maximus'),(2,'Zebra','The plains zebra (Equus quagga, formerly Equus burchelli), also known as the common zebra or Burchell\'s zebra, is the most common and geographically widespread species of zebra.[2] It ranges from the south of Ethiopia through East Africa to as far south as Angola and eastern South Africa. The plains zebra remains common in game reserves, but is threatened by human activities such as hunting for its meat and hide, as well as competition with livestock and encroachment by farming on much of its habitat.','http://en.wikipedia.org/wiki/Plains_zebra','zebra','Equus quagga'),(3,'Rhino','The white rhinoceros or square-lipped rhinoceros (Ceratotherium simum) is one of the five species of rhinoceros that still exist. It has a wide mouth used for grazing and is the most social of all rhino species. The white rhino consists of two subspecies: the southern white rhino, with an estimated 17,460 wild-living animals at the end of 2007 (IUCN 2008), and the much rarer northern white rhino. The northern subspecies has very few remaining, all in captivity.','http://en.wikipedia.org/wiki/White_rhinoceros','rhino','Ceratotherium simum'),(4,'Giraffe','The giraffe (Giraffa camelopardalis) is an African even-toed ungulate mammal, the tallest living terrestrial animal and the largest ruminant. Its binomial name refers to its camel-like face and the patches of color on its fur. Its chief distinguishing characteristics are its extremely long neck and legs, its horn-like ossicones and its distinctive markings. It stands 56 m (1620 ft) tall and has an average weight of 1,600 kg (3,500 lb) for males and 830 kg (1,800 lb) for females. It is classified under the family Giraffidae, along with its closest extant relative, the okapi. There are nine subspecies, which are distinguished by their coat patterns.','http://en.wikipedia.org/wiki/Giraffe','giraffe','iraffa camelopardalis'),(5,'Lion','The lion (Panthera leo) is one of the four big cats in the genus Panthera, and a member of the family Felidae. With some males exceeding 250 kg (550 lb) in weight,[4] it is the second-largest living cat after the tiger. Wild lions currently exist in sub-Saharan Africa and in Asia, with an endangered remnant population in Gir Forest National Park in India, having disappeared from North Africa and Southwest Asia in historic times. Until the late Pleistocene, about 10,000 years ago, the lion was the most widespread large land mammal after humans. They were found in most of Africa, across Eurasia from western Europe to India, and in the Americas from the Yukon to Peru.[5] The lion is a vulnerable species, having seen a major population decline of 3050% over the past two decades[date missing] in its African range.[2] Lion populations are untenable outside designated reserves and national parks. Although the cause of the decline is not fully understood, habitat loss and conflicts with humans are currently the greatest causes of concern. Within Africa, the West African lion population is particularly endangered.','http://en.wikipedia.org/wiki/Lion','lion','Panthera leo');
/*!40000 ALTER TABLE `Species` ENABLE KEYS */;
UNLOCK TABLES;
/*!40103 SET TIME_ZONE=@OLD_TIME_ZONE */;

/*!40101 SET SQL_MODE=@OLD_SQL_MODE */;
/*!40014 SET FOREIGN_KEY_CHECKS=@OLD_FOREIGN_KEY_CHECKS */;
/*!40014 SET UNIQUE_CHECKS=@OLD_UNIQUE_CHECKS */;
/*!40101 SET CHARACTER_SET_CLIENT=@OLD_CHARACTER_SET_CLIENT */;
/*!40101 SET CHARACTER_SET_RESULTS=@OLD_CHARACTER_SET_RESULTS */;
/*!40101 SET COLLATION_CONNECTION=@OLD_COLLATION_CONNECTION */;
/*!40111 SET SQL_NOTES=@OLD_SQL_NOTES */;

-- Dump completed on 2020-03-10 21:52:21
